year,Home Team,Away Team,Home Team Goals,Away Team Goals
2014,MALAGA,ATHLETIC,1,0
2014,SEVILLA FC,VALENCIA,1,1
2014,GRANADA,DEPORTIVO,2,1
2014,ALMERIA,ESPANYOL,1,1
2014,EIBAR,REAL SOCIEDAD,1,0
2014,BARCELONA,ELCHE,3,0
2014,CELTA,GETAFE,3,1
2014,LEVANTE,VILLARREAL,0,2
2014,REAL MADRID,CORDOBA,2,0
2014,RAYO VALLECANO,ATLETICO MADRID,0,0
2014,GETAFE,ALMERIA,1,0
2014,VALENCIA,MALAGA,3,0
2014,ATHLETIC,LEVANTE,3,0
2014,CORDOBA,CELTA,1,1
2014,ATLETICO MADRID,EIBAR,2,1
2014,ESPANYOL,SEVILLA FC,1,2
2014,VILLARREAL,BARCELONA,0,1
2014,DEPORTIVO,RAYO VALLECANO,2,2
2014,REAL SOCIEDAD,REAL MADRID,4,2
2014,ELCHE,GRANADA,1,1
2014,ALMERIA,CORDOBA,1,1
2014,BARCELONA,ATHLETIC,2,0
2014,MALAGA,LEVANTE,0,0
2014,REAL MADRID,ATLETICO MADRID,1,2
2014,CELTA,REAL SOCIEDAD,2,2
2014,RAYO VALLECANO,ELCHE,2,3
2014,VALENCIA,ESPANYOL,3,1
2014,SEVILLA FC,GETAFE,2,0
2014,GRANADA,VILLARREAL,0,0
2014,EIBAR,DEPORTIVO,0,1
2014,ELCHE,EIBAR,0,2
2014,DEPORTIVO,REAL MADRID,2,8
2014,ATHLETIC,GRANADA,0,1
2014,ATLETICO MADRID,CELTA,2,2
2014,ESPANYOL,MALAGA,2,2
2014,REAL SOCIEDAD,ALMERIA,1,2
2014,VILLARREAL,RAYO VALLECANO,4,2
2014,CORDOBA,SEVILLA FC,1,3
2014,LEVANTE,BARCELONA,0,5
2014,GETAFE,VALENCIA,0,3
2014,REAL MADRID,ELCHE,5,1
2014,CELTA,DEPORTIVO,2,1
2014,ALMERIA,ATLETICO MADRID,0,1
2014,EIBAR,VILLARREAL,1,1
2014,RAYO VALLECANO,ATHLETIC,2,1
2014,MALAGA,BARCELONA,0,0
2014,SEVILLA FC,REAL SOCIEDAD,1,0
2014,GRANADA,LEVANTE,0,1
2014,ESPANYOL,GETAFE,2,0
2014,VALENCIA,CORDOBA,3,0
2014,ELCHE,CELTA,0,1
2014,VILLARREAL,REAL MADRID,0,2
2014,BARCELONA,GRANADA,6,0
2014,ATLETICO MADRID,SEVILLA FC,4,0
2014,LEVANTE,RAYO VALLECANO,0,2
2014,ATHLETIC,EIBAR,0,0
2014,GETAFE,MALAGA,1,0
2014,DEPORTIVO,ALMERIA,0,1
2014,REAL SOCIEDAD,VALENCIA,1,1
2014,CORDOBA,ESPANYOL,0,0
2014,GETAFE,CORDOBA,1,1
2014,VALENCIA,ATLETICO MADRID,3,1
2014,RAYO VALLECANO,BARCELONA,0,2
2014,EIBAR,LEVANTE,3,3
2014,MALAGA,GRANADA,2,1
2014,ALMERIA,ELCHE,2,2
2014,SEVILLA FC,DEPORTIVO,4,1
2014,CELTA,VILLARREAL,1,3
2014,ESPANYOL,REAL SOCIEDAD,2,0
2014,REAL MADRID,ATHLETIC,5,0
2014,GRANADA,RAYO VALLECANO,0,1
2014,LEVANTE,REAL MADRID,0,5
2014,ATHLETIC,CELTA,1,1
2014,BARCELONA,EIBAR,3,0
2014,CORDOBA,MALAGA,1,2
2014,ATLETICO MADRID,ESPANYOL,2,0
2014,DEPORTIVO,VALENCIA,3,0
2014,ELCHE,SEVILLA FC,0,2
2014,VILLARREAL,ALMERIA,2,0
2014,REAL SOCIEDAD,GETAFE,1,2
2014,CELTA,LEVANTE,3,0
2014,ALMERIA,ATHLETIC,0,1
2014,REAL MADRID,BARCELONA,3,1
2014,VALENCIA,ELCHE,3,1
2014,CORDOBA,REAL SOCIEDAD,1,1
2014,EIBAR,GRANADA,1,1
2014,MALAGA,RAYO VALLECANO,4,0
2014,ESPANYOL,DEPORTIVO,0,0
2014,SEVILLA FC,VILLARREAL,2,1
2014,GETAFE,ATLETICO MADRID,0,1
2014,DEPORTIVO,GETAFE,1,2
2014,GRANADA,REAL MADRID,0,4
2014,ATLETICO MADRID,CORDOBA,4,2
2014,BARCELONA,CELTA,0,1
2014,REAL SOCIEDAD,MALAGA,0,1
2014,ATHLETIC,SEVILLA FC,1,0
2014,VILLARREAL,VALENCIA,1,3
2014,LEVANTE,ALMERIA,2,1
2014,ELCHE,ESPANYOL,2,1
2014,RAYO VALLECANO,EIBAR,2,3
2014,CORDOBA,DEPORTIVO,0,0
2014,ALMERIA,BARCELONA,1,2
2014,GETAFE,ELCHE,0,0
2014,REAL MADRID,RAYO VALLECANO,5,1
2014,MALAGA,EIBAR,2,1
2014,CELTA,GRANADA,0,0
2014,SEVILLA FC,LEVANTE,1,1
2014,ESPANYOL,VILLARREAL,1,1
2014,VALENCIA,ATHLETIC,0,0
2014,REAL SOCIEDAD,ATLETICO MADRID,2,1
2014,ATHLETIC,ESPANYOL,3,1
2014,ATLETICO MADRID,MALAGA,3,1
2014,EIBAR,REAL MADRID,0,4
2014,BARCELONA,SEVILLA FC,5,1
2014,DEPORTIVO,REAL SOCIEDAD,0,0
2014,RAYO VALLECANO,CELTA,1,0
2014,LEVANTE,VALENCIA,2,1
2014,ELCHE,CORDOBA,2,2
2014,VILLARREAL,GETAFE,2,1
2014,GRANADA,ALMERIA,0,0
2014,REAL SOCIEDAD,ELCHE,3,0
2014,GETAFE,ATHLETIC,1,2
2014,ESPANYOL,LEVANTE,2,1
2014,MALAGA,REAL MADRID,1,2
2014,CELTA,EIBAR,0,1
2014,ATLETICO MADRID,DEPORTIVO,2,0
2014,SEVILLA FC,GRANADA,5,1
2014,CORDOBA,VILLARREAL,0,2
2014,VALENCIA,BARCELONA,0,1
2014,ALMERIA,RAYO VALLECANO,0,1
2014,ELCHE,ATLETICO MADRID,0,2
2014,ATHLETIC,CORDOBA,0,1
2014,REAL MADRID,CELTA,3,0
2014,DEPORTIVO,MALAGA,0,1
2014,RAYO VALLECANO,SEVILLA FC,0,1
2014,BARCELONA,ESPANYOL,5,1
2014,VILLARREAL,REAL SOCIEDAD,4,0
2014,GRANADA,VALENCIA,1,1
2014,EIBAR,ALMERIA,5,2
2014,LEVANTE,GETAFE,1,1
2014,ALMERIA,REAL MADRID,1,4
2014,GETAFE,BARCELONA,0,0
2014,VALENCIA,RAYO VALLECANO,3,0
2014,CORDOBA,LEVANTE,0,0
2014,MALAGA,CELTA,1,0
2014,ESPANYOL,GRANADA,2,1
2014,SEVILLA FC,EIBAR,0,0
2014,ATLETICO MADRID,VILLARREAL,0,1
2014,REAL SOCIEDAD,ATHLETIC,1,1
2014,DEPORTIVO,ELCHE,1,0
2014,CELTA,ALMERIA,0,1
2014,BARCELONA,CORDOBA,5,0
2014,LEVANTE,REAL SOCIEDAD,1,1
2014,EIBAR,VALENCIA,0,1
2014,RAYO VALLECANO,ESPANYOL,1,3
2014,VILLARREAL,DEPORTIVO,3,0
2014,GRANADA,GETAFE,1,1
2014,ELCHE,MALAGA,1,2
2014,ATHLETIC,ATLETICO MADRID,1,4
2014,REAL MADRID,SEVILLA FC,2,1
2014,ATLETICO MADRID,LEVANTE,3,1
2014,SEVILLA FC,CELTA,1,0
2014,ELCHE,VILLARREAL,2,2
2014,DEPORTIVO,ATHLETIC,1,0
2014,MALAGA,ALMERIA,1,2
2014,GETAFE,RAYO VALLECANO,1,2
2014,VALENCIA,REAL MADRID,2,1
2014,ESPANYOL,EIBAR,1,2
2014,REAL SOCIEDAD,BARCELONA,1,0
2014,CORDOBA,GRANADA,2,0
2014,LEVANTE,DEPORTIVO,0,0
2014,REAL MADRID,ESPANYOL,3,0
2014,MALAGA,VILLARREAL,1,1
2014,CELTA,VALENCIA,1,1
2014,EIBAR,GETAFE,2,1
2014,ALMERIA,SEVILLA FC,0,2
2014,ATHLETIC,ELCHE,1,2
2014,GRANADA,REAL SOCIEDAD,1,1
2014,BARCELONA,ATLETICO MADRID,3,1
2014,RAYO VALLECANO,CORDOBA,0,1
2014,CORDOBA,EIBAR,1,1
2014,REAL SOCIEDAD,RAYO VALLECANO,0,1
2014,VALENCIA,ALMERIA,3,2
2014,VILLARREAL,ATHLETIC,2,0
2014,ESPANYOL,CELTA,1,0
2014,GETAFE,REAL MADRID,0,3
2014,ATLETICO MADRID,GRANADA,2,0
2014,DEPORTIVO,BARCELONA,0,4
2014,SEVILLA FC,MALAGA,2,0
2014,ELCHE,LEVANTE,1,0
2014,CORDOBA,REAL MADRID,1,2
2014,ELCHE,BARCELONA,0,6
2014,ATLETICO MADRID,RAYO VALLECANO,3,1
2014,REAL SOCIEDAD,EIBAR,1,0
2014,VILLARREAL,LEVANTE,1,0
2014,DEPORTIVO,GRANADA,2,2
2014,ATHLETIC,MALAGA,1,1
2014,ESPANYOL,ALMERIA,3,0
2014,VALENCIA,SEVILLA FC,3,1
2014,GETAFE,CELTA,2,1
2014,RAYO VALLECANO,DEPORTIVO,1,2
2014,REAL MADRID,REAL SOCIEDAD,4,1
2014,EIBAR,ATLETICO MADRID,1,3
2014,GRANADA,ELCHE,1,0
2014,CELTA,CORDOBA,1,0
2014,LEVANTE,ATHLETIC,0,2
2014,ALMERIA,GETAFE,1,0
2014,SEVILLA FC,ESPANYOL,3,2
2014,BARCELONA,VILLARREAL,3,2
2014,MALAGA,VALENCIA,1,0
2014,DEPORTIVO,EIBAR,2,0
2014,ATLETICO MADRID,REAL MADRID,4,0
2014,VILLARREAL,GRANADA,2,0
2014,LEVANTE,MALAGA,4,1
2014,REAL SOCIEDAD,CELTA,1,1
2014,CORDOBA,ALMERIA,1,2
2014,GETAFE,SEVILLA FC,2,1
2014,ESPANYOL,VALENCIA,1,2
2014,ATHLETIC,BARCELONA,2,5
2014,ELCHE,RAYO VALLECANO,2,0
2014,ALMERIA,REAL SOCIEDAD,2,2
2014,SEVILLA FC,CORDOBA,3,0
2014,REAL MADRID,DEPORTIVO,2,0
2014,GRANADA,ATHLETIC,0,0
2014,MALAGA,ESPANYOL,0,2
2014,VALENCIA,GETAFE,1,0
2014,BARCELONA,LEVANTE,5,0
2014,RAYO VALLECANO,VILLARREAL,2,0
2014,CELTA,ATLETICO MADRID,2,0
2014,EIBAR,ELCHE,0,1
2014,GETAFE,ESPANYOL,2,1
2014,BARCELONA,MALAGA,0,1
2014,CORDOBA,VALENCIA,1,2
2014,ATLETICO MADRID,ALMERIA,3,0
2014,DEPORTIVO,CELTA,0,2
2014,REAL SOCIEDAD,SEVILLA FC,4,3
2014,ATHLETIC,RAYO VALLECANO,1,0
2014,VILLARREAL,EIBAR,1,0
2014,ELCHE,REAL MADRID,0,2
2014,LEVANTE,GRANADA,2,1
2014,ESPANYOL,CORDOBA,1,0
2014,GRANADA,BARCELONA,1,3
2014,RAYO VALLECANO,LEVANTE,4,2
2014,ALMERIA,DEPORTIVO,0,0
2014,MALAGA,GETAFE,3,2
2014,VALENCIA,REAL SOCIEDAD,2,0
2014,EIBAR,ATHLETIC,0,1
2014,SEVILLA FC,ATLETICO MADRID,0,0
2014,REAL MADRID,VILLARREAL,1,1
2014,CELTA,ELCHE,1,1
2014,LEVANTE,EIBAR,2,1
2014,DEPORTIVO,SEVILLA FC,3,4
2014,ATHLETIC,REAL MADRID,1,0
2014,ELCHE,ALMERIA,1,0
2014,GRANADA,MALAGA,1,0
2014,BARCELONA,RAYO VALLECANO,6,1
2014,REAL SOCIEDAD,ESPANYOL,1,0
2014,VILLARREAL,CELTA,4,1
2014,ATLETICO MADRID,VALENCIA,1,1
2014,CORDOBA,GETAFE,1,2
2014,VALENCIA,DEPORTIVO,2,0
2014,ESPANYOL,ATLETICO MADRID,0,0
2014,EIBAR,BARCELONA,0,2
2014,RAYO VALLECANO,GRANADA,3,1
2014,CELTA,ATHLETIC,1,2
2014,ALMERIA,VILLARREAL,0,0
2014,MALAGA,CORDOBA,2,0
2014,SEVILLA FC,ELCHE,3,0
2014,REAL MADRID,LEVANTE,2,0
2014,GETAFE,REAL SOCIEDAD,0,1
2014,ELCHE,VALENCIA,0,4
2014,ATLETICO MADRID,GETAFE,2,0
2014,RAYO VALLECANO,MALAGA,1,0
2014,LEVANTE,CELTA,0,1
2014,ATHLETIC,ALMERIA,2,1
2014,GRANADA,EIBAR,0,0
2014,DEPORTIVO,ESPANYOL,0,0
2014,VILLARREAL,SEVILLA FC,0,2
2014,REAL SOCIEDAD,CORDOBA,3,1
2014,BARCELONA,REAL MADRID,2,1
2014,EIBAR,RAYO VALLECANO,1,2
2014,SEVILLA FC,ATHLETIC,2,0
2014,CORDOBA,ATLETICO MADRID,0,2
2014,ALMERIA,LEVANTE,1,4
2014,MALAGA,REAL SOCIEDAD,1,1
2014,REAL MADRID,GRANADA,9,1
2014,VALENCIA,VILLARREAL,0,0
2014,GETAFE,DEPORTIVO,2,1
2014,CELTA,BARCELONA,0,1
2014,ESPANYOL,ELCHE,1,1
2014,ATLETICO MADRID,REAL SOCIEDAD,2,0
2014,LEVANTE,SEVILLA FC,1,2
2014,EIBAR,MALAGA,1,0
2014,BARCELONA,ALMERIA,4,0
2014,DEPORTIVO,CORDOBA,1,1
2014,RAYO VALLECANO,REAL MADRID,0,2
2014,GRANADA,CELTA,1,1
2014,ATHLETIC,VALENCIA,1,1
2014,ELCHE,GETAFE,0,1
2014,VILLARREAL,ESPANYOL,0,3
2014,REAL MADRID,EIBAR,3,0
2014,MALAGA,ATLETICO MADRID,2,2
2014,SEVILLA FC,BARCELONA,2,2
2014,CELTA,RAYO VALLECANO,6,1
2014,ALMERIA,GRANADA,3,0
2014,GETAFE,VILLARREAL,1,1
2014,ESPANYOL,ATHLETIC,1,0
2014,REAL SOCIEDAD,DEPORTIVO,2,2
2014,CORDOBA,ELCHE,0,2
2014,VALENCIA,LEVANTE,3,0
2014,LEVANTE,ESPANYOL,2,2
2014,BARCELONA,VALENCIA,2,0
2014,DEPORTIVO,ATLETICO MADRID,1,2
2014,REAL MADRID,MALAGA,3,1
2014,ATHLETIC,GETAFE,4,0
2014,RAYO VALLECANO,ALMERIA,2,0
2014,GRANADA,SEVILLA FC,1,1
2014,VILLARREAL,CORDOBA,0,0
2014,EIBAR,CELTA,0,1
2014,ELCHE,REAL SOCIEDAD,1,0
2014,CORDOBA,ATHLETIC,0,1
2014,ESPANYOL,BARCELONA,0,2
2014,ATLETICO MADRID,ELCHE,3,0
2014,GETAFE,LEVANTE,0,1
2014,REAL SOCIEDAD,VILLARREAL,0,0
2014,MALAGA,DEPORTIVO,1,1
2014,ALMERIA,EIBAR,2,0
2014,SEVILLA FC,RAYO VALLECANO,2,0
2014,CELTA,REAL MADRID,2,4
2014,VALENCIA,GRANADA,4,0
2014,BARCELONA,GETAFE,6,0
2014,LEVANTE,CORDOBA,1,0
2014,ATHLETIC,REAL SOCIEDAD,1,1
2014,REAL MADRID,ALMERIA,3,0
2014,CELTA,MALAGA,1,0
2014,EIBAR,SEVILLA FC,1,3
2014,ELCHE,DEPORTIVO,4,0
2014,VILLARREAL,ATLETICO MADRID,0,1
2014,RAYO VALLECANO,VALENCIA,1,1
2014,GRANADA,ESPANYOL,1,2
2014,REAL SOCIEDAD,LEVANTE,3,0
2014,CORDOBA,BARCELONA,0,8
2014,ATLETICO MADRID,ATHLETIC,0,0
2014,SEVILLA FC,REAL MADRID,2,3
2014,DEPORTIVO,VILLARREAL,1,1
2014,ESPANYOL,RAYO VALLECANO,1,1
2014,GETAFE,GRANADA,1,2
2014,VALENCIA,EIBAR,3,1
2014,MALAGA,ELCHE,1,2
2014,ALMERIA,CELTA,2,2
2014,EIBAR,ESPANYOL,0,2
2014,GRANADA,CORDOBA,2,0
2014,BARCELONA,REAL SOCIEDAD,2,0
2014,REAL MADRID,VALENCIA,2,2
2014,ATHLETIC,DEPORTIVO,1,1
2014,LEVANTE,ATLETICO MADRID,2,2
2014,VILLARREAL,ELCHE,1,0
2014,ALMERIA,MALAGA,1,2
2014,CELTA,SEVILLA FC,1,1
2014,RAYO VALLECANO,GETAFE,2,0
2014,VALENCIA,CELTA,1,1
2014,ATLETICO MADRID,BARCELONA,0,1
2014,SEVILLA FC,ALMERIA,2,1
2014,GETAFE,EIBAR,1,1
2014,REAL SOCIEDAD,GRANADA,0,3
2014,ESPANYOL,REAL MADRID,1,4
2014,DEPORTIVO,LEVANTE,2,0
2014,ELCHE,ATHLETIC,2,3
2014,VILLARREAL,MALAGA,2,1
2014,CORDOBA,RAYO VALLECANO,1,2
2014,LEVANTE,ELCHE,0,0
2014,BARCELONA,DEPORTIVO,2,2
2014,MALAGA,SEVILLA FC,2,3
2014,ATHLETIC,VILLARREAL,4,0
2014,RAYO VALLECANO,REAL SOCIEDAD,2,4
2014,GRANADA,ATLETICO MADRID,0,0
2014,CELTA,ESPANYOL,3,2
2014,ALMERIA,VALENCIA,2,3
2014,EIBAR,CORDOBA,3,0
2014,REAL MADRID,GETAFE,7,3
2015,MALAGA,SEVILLA FC,0,0
2015,ESPANYOL,GETAFE,1,0
2015,DEPORTIVO,REAL SOCIEDAD,0,0
2015,ATLETICO MADRID,LAS PALMAS,1,0
2015,RAYO VALLECANO,VALENCIA,0,0
2015,ATHLETIC,BARCELONA,0,1
2015,GIJON,REAL MADRID,0,0
2015,LEVANTE,CELTA,1,2
2015,REAL BETIS,VILLARREAL,1,1
2015,GRANADA,EIBAR,1,3
2015,VILLARREAL,ESPANYOL,3,1
2015,REAL SOCIEDAD,GIJON,0,0
2015,BARCELONA,MALAGA,1,0
2015,CELTA,RAYO VALLECANO,3,0
2015,REAL MADRID,REAL BETIS,5,0
2015,EIBAR,ATHLETIC,2,0
2015,VALENCIA,DEPORTIVO,1,1
2015,SEVILLA FC,ATLETICO MADRID,0,3
2015,GETAFE,GRANADA,1,2
2015,LAS PALMAS,LEVANTE,0,0
2015,LEVANTE,SEVILLA FC,1,1
2015,ESPANYOL,REAL MADRID,0,6
2015,GIJON,VALENCIA,0,1
2015,ATLETICO MADRID,BARCELONA,1,2
2015,REAL BETIS,REAL SOCIEDAD,1,0
2015,GRANADA,VILLARREAL,1,3
2015,ATHLETIC,GETAFE,3,1
2015,CELTA,LAS PALMAS,3,3
2015,MALAGA,EIBAR,0,0
2015,RAYO VALLECANO,DEPORTIVO,1,3
2015,GETAFE,MALAGA,1,0
2015,REAL MADRID,GRANADA,1,0
2015,VALENCIA,REAL BETIS,0,0
2015,EIBAR,ATLETICO MADRID,0,2
2015,REAL SOCIEDAD,ESPANYOL,2,3
2015,SEVILLA FC,CELTA,1,2
2015,DEPORTIVO,GIJON,2,3
2015,VILLARREAL,ATHLETIC,3,1
2015,BARCELONA,LEVANTE,4,1
2015,LAS PALMAS,RAYO VALLECANO,0,1
2015,ATLETICO MADRID,GETAFE,2,0
2015,ESPANYOL,VALENCIA,1,0
2015,GRANADA,REAL SOCIEDAD,0,3
2015,LEVANTE,EIBAR,2,2
2015,RAYO VALLECANO,GIJON,2,1
2015,CELTA,BARCELONA,4,1
2015,ATHLETIC,REAL MADRID,1,2
2015,MALAGA,VILLARREAL,0,1
2015,LAS PALMAS,SEVILLA FC,2,0
2015,REAL BETIS,DEPORTIVO,1,2
2015,VALENCIA,GRANADA,1,0
2015,BARCELONA,LAS PALMAS,2,1
2015,REAL MADRID,MALAGA,0,0
2015,SEVILLA FC,RAYO VALLECANO,3,2
2015,VILLARREAL,ATLETICO MADRID,1,0
2015,EIBAR,CELTA,1,1
2015,GIJON,REAL BETIS,1,2
2015,DEPORTIVO,ESPANYOL,3,0
2015,GETAFE,LEVANTE,3,0
2015,REAL SOCIEDAD,ATHLETIC,0,0
2015,CELTA,GETAFE,0,0
2015,SEVILLA FC,BARCELONA,2,1
2015,GRANADA,DEPORTIVO,1,1
2015,ESPANYOL,GIJON,1,2
2015,LAS PALMAS,EIBAR,0,2
2015,MALAGA,REAL SOCIEDAD,3,1
2015,RAYO VALLECANO,REAL BETIS,0,2
2015,ATHLETIC,VALENCIA,3,1
2015,LEVANTE,VILLARREAL,1,0
2015,ATLETICO MADRID,REAL MADRID,1,1
2015,REAL MADRID,LEVANTE,3,0
2015,EIBAR,SEVILLA FC,1,1
2015,BARCELONA,RAYO VALLECANO,5,2
2015,VALENCIA,MALAGA,3,0
2015,REAL BETIS,ESPANYOL,1,3
2015,VILLARREAL,CELTA,1,2
2015,REAL SOCIEDAD,ATLETICO MADRID,0,2
2015,GETAFE,LAS PALMAS,4,0
2015,DEPORTIVO,ATHLETIC,2,2
2015,GIJON,GRANADA,3,3
2015,RAYO VALLECANO,ESPANYOL,3,0
2015,CELTA,REAL MADRID,1,3
2015,GRANADA,REAL BETIS,1,1
2015,SEVILLA FC,GETAFE,5,0
2015,MALAGA,DEPORTIVO,2,0
2015,LEVANTE,REAL SOCIEDAD,0,4
2015,LAS PALMAS,VILLARREAL,0,0
2015,BARCELONA,EIBAR,3,1
2015,ATLETICO MADRID,VALENCIA,2,1
2015,ATHLETIC,GIJON,3,0
2015,DEPORTIVO,ATLETICO MADRID,1,1
2015,REAL MADRID,LAS PALMAS,3,1
2015,VALENCIA,LEVANTE,3,0
2015,VILLARREAL,SEVILLA FC,2,1
2015,GETAFE,BARCELONA,0,2
2015,REAL SOCIEDAD,CELTA,2,3
2015,EIBAR,RAYO VALLECANO,1,0
2015,ESPANYOL,GRANADA,1,1
2015,GIJON,MALAGA,1,0
2015,REAL BETIS,ATHLETIC,1,3
2015,LAS PALMAS,REAL SOCIEDAD,2,0
2015,CELTA,VALENCIA,1,5
2015,LEVANTE,DEPORTIVO,1,1
2015,RAYO VALLECANO,GRANADA,2,1
2015,EIBAR,GETAFE,3,1
2015,MALAGA,REAL BETIS,0,1
2015,ATHLETIC,ESPANYOL,2,1
2015,BARCELONA,VILLARREAL,3,0
2015,ATLETICO MADRID,GIJON,1,0
2015,SEVILLA FC,REAL MADRID,3,2
2015,REAL SOCIEDAD,SEVILLA FC,2,0
2015,REAL MADRID,BARCELONA,0,4
2015,ESPANYOL,MALAGA,2,0
2015,VALENCIA,LAS PALMAS,1,1
2015,DEPORTIVO,CELTA,2,0
2015,GIJON,LEVANTE,0,3
2015,VILLARREAL,EIBAR,1,1
2015,GRANADA,ATHLETIC,2,0
2015,REAL BETIS,ATLETICO MADRID,0,1
2015,GETAFE,RAYO VALLECANO,1,1
2015,LEVANTE,REAL BETIS,0,1
2015,BARCELONA,REAL SOCIEDAD,4,0
2015,ATLETICO MADRID,ESPANYOL,1,0
2015,MALAGA,GRANADA,2,2
2015,LAS PALMAS,DEPORTIVO,0,2
2015,CELTA,GIJON,2,1
2015,GETAFE,VILLARREAL,2,0
2015,EIBAR,REAL MADRID,0,2
2015,RAYO VALLECANO,ATHLETIC,0,3
2015,SEVILLA FC,VALENCIA,1,0
2015,REAL MADRID,GETAFE,4,1
2015,GRANADA,ATLETICO MADRID,0,2
2015,VALENCIA,BARCELONA,1,1
2015,DEPORTIVO,SEVILLA FC,1,1
2015,REAL BETIS,CELTA,1,1
2015,REAL SOCIEDAD,EIBAR,2,1
2015,VILLARREAL,RAYO VALLECANO,2,1
2015,GIJON,LAS PALMAS,3,1
2015,ATHLETIC,MALAGA,0,0
2015,ESPANYOL,LEVANTE,1,1
2015,GETAFE,REAL SOCIEDAD,1,1
2015,BARCELONA,DEPORTIVO,2,2
2015,LEVANTE,GRANADA,1,2
2015,CELTA,ESPANYOL,1,0
2015,SEVILLA FC,GIJON,2,0
2015,LAS PALMAS,REAL BETIS,1,0
2015,RAYO VALLECANO,MALAGA,1,2
2015,EIBAR,VALENCIA,1,1
2015,ATLETICO MADRID,ATHLETIC,2,1
2015,VILLARREAL,REAL MADRID,1,0
2015,VALENCIA,GETAFE,2,2
2015,ESPANYOL,LAS PALMAS,1,0
2015,REAL BETIS,SEVILLA FC,0,0
2015,DEPORTIVO,EIBAR,2,0
2015,REAL MADRID,RAYO VALLECANO,10,2
2015,ATHLETIC,LEVANTE,2,0
2015,REAL SOCIEDAD,VILLARREAL,0,2
2015,GRANADA,CELTA,0,2
2015,MALAGA,ATLETICO MADRID,1,0
2015,GIJON,BARCELONA,1,3
2015,REAL MADRID,REAL SOCIEDAD,3,1
2015,LEVANTE,MALAGA,0,1
2015,SEVILLA FC,ESPANYOL,2,0
2015,RAYO VALLECANO,ATLETICO MADRID,0,2
2015,EIBAR,GIJON,2,0
2015,BARCELONA,REAL BETIS,4,0
2015,GETAFE,DEPORTIVO,0,0
2015,CELTA,ATHLETIC,0,1
2015,LAS PALMAS,GRANADA,4,1
2015,VILLARREAL,VALENCIA,1,0
2015,ESPANYOL,BARCELONA,0,0
2015,ATLETICO MADRID,LEVANTE,1,0
2015,MALAGA,CELTA,2,0
2015,RAYO VALLECANO,REAL SOCIEDAD,2,2
2015,REAL BETIS,EIBAR,0,4
2015,GRANADA,SEVILLA FC,2,1
2015,DEPORTIVO,VILLARREAL,1,2
2015,ATHLETIC,LAS PALMAS,2,2
2015,VALENCIA,REAL MADRID,2,2
2015,GIJON,GETAFE,1,2
2015,BARCELONA,GRANADA,4,0
2015,SEVILLA FC,ATHLETIC,2,0
2015,GETAFE,REAL BETIS,1,0
2015,REAL MADRID,DEPORTIVO,5,0
2015,LEVANTE,RAYO VALLECANO,2,1
2015,VILLARREAL,GIJON,2,0
2015,REAL SOCIEDAD,VALENCIA,2,0
2015,LAS PALMAS,MALAGA,1,1
2015,EIBAR,ESPANYOL,2,1
2015,CELTA,ATLETICO MADRID,0,2
2015,SEVILLA FC,MALAGA,2,1
2015,CELTA,LEVANTE,4,3
2015,VILLARREAL,REAL BETIS,0,0
2015,REAL SOCIEDAD,DEPORTIVO,1,1
2015,VALENCIA,RAYO VALLECANO,2,2
2015,REAL MADRID,GIJON,5,1
2015,GETAFE,ESPANYOL,3,1
2015,LAS PALMAS,ATLETICO MADRID,0,3
2015,BARCELONA,ATHLETIC,6,0
2015,EIBAR,GRANADA,5,1
2015,GIJON,REAL SOCIEDAD,5,1
2015,MALAGA,BARCELONA,1,2
2015,ESPANYOL,VILLARREAL,2,2
2015,GRANADA,GETAFE,3,2
2015,RAYO VALLECANO,CELTA,3,0
2015,ATHLETIC,EIBAR,5,2
2015,ATLETICO MADRID,SEVILLA FC,0,0
2015,DEPORTIVO,VALENCIA,1,1
2015,REAL BETIS,REAL MADRID,1,1
2015,LEVANTE,LAS PALMAS,3,2
2015,BARCELONA,ATLETICO MADRID,2,1
2015,GETAFE,ATHLETIC,0,1
2015,EIBAR,MALAGA,1,2
2015,VILLARREAL,GRANADA,1,0
2015,REAL SOCIEDAD,REAL BETIS,2,1
2015,SEVILLA FC,LEVANTE,3,1
2015,VALENCIA,GIJON,0,1
2015,LAS PALMAS,CELTA,2,1
2015,REAL MADRID,ESPANYOL,6,0
2015,DEPORTIVO,RAYO VALLECANO,2,2
2015,MALAGA,GETAFE,3,0
2015,ATLETICO MADRID,EIBAR,3,1
2015,RAYO VALLECANO,LAS PALMAS,2,0
2015,ATHLETIC,VILLARREAL,0,0
2015,GIJON,DEPORTIVO,1,1
2015,LEVANTE,BARCELONA,0,2
2015,REAL BETIS,VALENCIA,1,0
2015,CELTA,SEVILLA FC,1,1
2015,GRANADA,REAL MADRID,1,2
2015,ESPANYOL,REAL SOCIEDAD,0,5
2015,GIJON,RAYO VALLECANO,2,2
2015,REAL MADRID,ATHLETIC,4,2
2015,VILLARREAL,MALAGA,1,0
2015,VALENCIA,ESPANYOL,2,1
2015,DEPORTIVO,REAL BETIS,2,2
2015,REAL SOCIEDAD,GRANADA,3,0
2015,SEVILLA FC,LAS PALMAS,2,0
2015,GETAFE,ATLETICO MADRID,0,1
2015,EIBAR,LEVANTE,2,0
2015,BARCELONA,CELTA,6,1
2015,LEVANTE,GETAFE,3,0
2015,LAS PALMAS,BARCELONA,1,2
2015,ESPANYOL,DEPORTIVO,1,0
2015,REAL BETIS,GIJON,1,1
2015,CELTA,EIBAR,3,2
2015,RAYO VALLECANO,SEVILLA FC,2,2
2015,MALAGA,REAL MADRID,1,1
2015,ATHLETIC,REAL SOCIEDAD,0,1
2015,GRANADA,VALENCIA,1,2
2015,ATLETICO MADRID,VILLARREAL,0,0
2015,EIBAR,LAS PALMAS,0,1
2015,REAL MADRID,ATLETICO MADRID,0,1
2015,GETAFE,CELTA,0,1
2015,GIJON,ESPANYOL,2,4
2015,REAL BETIS,RAYO VALLECANO,2,2
2015,REAL SOCIEDAD,MALAGA,1,1
2015,VILLARREAL,LEVANTE,3,0
2015,VALENCIA,ATHLETIC,0,3
2015,DEPORTIVO,GRANADA,0,1
2015,BARCELONA,SEVILLA FC,2,1
2015,ATLETICO MADRID,REAL SOCIEDAD,3,0
2015,LAS PALMAS,GETAFE,4,0
2015,MALAGA,VALENCIA,1,2
2015,SEVILLA FC,EIBAR,1,0
2015,ATHLETIC,DEPORTIVO,4,1
2015,CELTA,VILLARREAL,0,0
2015,LEVANTE,REAL MADRID,1,3
2015,GRANADA,GIJON,2,0
2015,ESPANYOL,REAL BETIS,0,3
2015,RAYO VALLECANO,BARCELONA,1,5
2015,REAL MADRID,CELTA,7,1
2015,VILLARREAL,LAS PALMAS,0,1
2015,GETAFE,SEVILLA FC,1,1
2015,DEPORTIVO,MALAGA,3,3
2015,REAL BETIS,GRANADA,2,0
2015,EIBAR,BARCELONA,0,4
2015,REAL SOCIEDAD,LEVANTE,1,1
2015,GIJON,ATHLETIC,0,2
2015,VALENCIA,ATLETICO MADRID,1,3
2015,ESPANYOL,RAYO VALLECANO,2,1
2015,MALAGA,GIJON,1,0
2015,BARCELONA,GETAFE,6,0
2015,CELTA,REAL SOCIEDAD,1,0
2015,ATLETICO MADRID,DEPORTIVO,3,0
2015,RAYO VALLECANO,EIBAR,1,1
2015,LEVANTE,VALENCIA,1,0
2015,SEVILLA FC,VILLARREAL,4,2
2015,ATHLETIC,REAL BETIS,3,1
2015,LAS PALMAS,REAL MADRID,1,2
2015,GRANADA,ESPANYOL,1,1
2015,GETAFE,EIBAR,1,1
2015,GIJON,ATLETICO MADRID,2,1
2015,REAL SOCIEDAD,LAS PALMAS,0,1
2015,GRANADA,RAYO VALLECANO,2,2
2015,DEPORTIVO,LEVANTE,2,1
2015,REAL BETIS,MALAGA,0,1
2015,ESPANYOL,ATHLETIC,2,1
2015,VILLARREAL,BARCELONA,2,2
2015,VALENCIA,CELTA,0,2
2015,REAL MADRID,SEVILLA FC,4,0
2015,RAYO VALLECANO,GETAFE,2,0
2015,ATLETICO MADRID,REAL BETIS,5,1
2015,LAS PALMAS,VALENCIA,2,1
2015,BARCELONA,REAL MADRID,1,2
2015,CELTA,DEPORTIVO,1,1
2015,ATHLETIC,GRANADA,1,1
2015,MALAGA,ESPANYOL,1,1
2015,EIBAR,VILLARREAL,1,2
2015,SEVILLA FC,REAL SOCIEDAD,1,2
2015,LEVANTE,GIJON,0,0
2015,GRANADA,MALAGA,0,0
2015,REAL MADRID,EIBAR,4,0
2015,ESPANYOL,ATLETICO MADRID,1,3
2015,REAL SOCIEDAD,BARCELONA,1,0
2015,REAL BETIS,LEVANTE,1,0
2015,GIJON,CELTA,0,1
2015,VALENCIA,SEVILLA FC,2,1
2015,VILLARREAL,GETAFE,2,0
2015,ATHLETIC,RAYO VALLECANO,1,0
2015,DEPORTIVO,LAS PALMAS,1,3
2015,LEVANTE,ESPANYOL,2,1
2015,GETAFE,REAL MADRID,1,5
2015,LAS PALMAS,GIJON,1,1
2015,EIBAR,REAL SOCIEDAD,2,1
2015,CELTA,REAL BETIS,1,1
2015,MALAGA,ATHLETIC,0,1
2015,SEVILLA FC,DEPORTIVO,1,1
2015,RAYO VALLECANO,VILLARREAL,2,1
2015,ATLETICO MADRID,GRANADA,3,0
2015,BARCELONA,VALENCIA,1,2
2015,ESPANYOL,CELTA,1,1
2015,REAL BETIS,LAS PALMAS,1,0
2015,DEPORTIVO,BARCELONA,0,8
2015,VALENCIA,EIBAR,4,0
2015,MALAGA,RAYO VALLECANO,1,1
2015,ATHLETIC,ATLETICO MADRID,0,1
2015,GIJON,SEVILLA FC,2,1
2015,REAL MADRID,VILLARREAL,3,0
2015,REAL SOCIEDAD,GETAFE,1,2
2015,GRANADA,LEVANTE,5,1
2015,LAS PALMAS,ESPANYOL,4,0
2015,RAYO VALLECANO,REAL MADRID,2,3
2015,ATLETICO MADRID,MALAGA,1,0
2015,BARCELONA,GIJON,6,0
2015,EIBAR,DEPORTIVO,1,1
2015,LEVANTE,ATHLETIC,2,2
2015,SEVILLA FC,REAL BETIS,2,0
2015,GETAFE,VALENCIA,2,2
2015,VILLARREAL,REAL SOCIEDAD,0,0
2015,CELTA,GRANADA,2,1
2015,GIJON,EIBAR,2,0
2015,REAL SOCIEDAD,REAL MADRID,0,1
2015,ATLETICO MADRID,RAYO VALLECANO,1,0
2015,REAL BETIS,BARCELONA,0,2
2015,GRANADA,LAS PALMAS,3,2
2015,ATHLETIC,CELTA,2,1
2015,ESPANYOL,SEVILLA FC,1,0
2015,DEPORTIVO,GETAFE,0,2
2015,VALENCIA,VILLARREAL,0,2
2015,MALAGA,LEVANTE,3,1
2015,VILLARREAL,DEPORTIVO,0,2
2015,REAL MADRID,VALENCIA,3,2
2015,BARCELONA,ESPANYOL,5,0
2015,LEVANTE,ATLETICO MADRID,2,1
2015,SEVILLA FC,GRANADA,1,4
2015,LAS PALMAS,ATHLETIC,0,0
2015,GETAFE,GIJON,1,1
2015,EIBAR,REAL BETIS,1,1
2015,REAL SOCIEDAD,RAYO VALLECANO,2,1
2015,CELTA,MALAGA,1,0
2015,VALENCIA,REAL SOCIEDAD,0,1
2015,GRANADA,BARCELONA,0,3
2015,DEPORTIVO,REAL MADRID,0,2
2015,ATLETICO MADRID,CELTA,2,0
2015,ATHLETIC,SEVILLA FC,3,1
2015,MALAGA,LAS PALMAS,4,1
2015,ESPANYOL,EIBAR,4,2
2015,REAL BETIS,GETAFE,2,1
2015,RAYO VALLECANO,LEVANTE,3,1
2015,GIJON,VILLARREAL,2,0
2016,MALAGA,OSASUNA,1,1
2016,DEPORTIVO,EIBAR,2,1
2016,BARCELONA,REAL BETIS,6,2
2016,GRANADA,VILLARREAL,1,1
2016,SEVILLA FC,ESPANYOL,6,4
2016,GIJON,ATHLETIC,2,1
2016,REAL SOCIEDAD,REAL MADRID,0,3
2016,ATLETICO MADRID,ALAVES,1,1
2016,CELTA,LEGANES,0,1
2016,VALENCIA,LAS PALMAS,2,4
2016,REAL BETIS,DEPORTIVO,0,0
2016,ESPANYOL,MALAGA,2,2
2016,OSASUNA,REAL SOCIEDAD,0,2
2016,EIBAR,VALENCIA,1,0
2016,REAL MADRID,CELTA,2,1
2016,LEGANES,ATLETICO MADRID,0,0
2016,LAS PALMAS,GRANADA,5,1
2016,ALAVES,GIJON,0,0
2016,ATHLETIC,BARCELONA,0,1
2016,VILLARREAL,SEVILLA FC,0,0
2016,REAL SOCIEDAD,ESPANYOL,1,1
2016,CELTA,ATLETICO MADRID,0,4
2016,REAL MADRID,OSASUNA,5,2
2016,MALAGA,VILLARREAL,0,2
2016,SEVILLA FC,LAS PALMAS,2,1
2016,BARCELONA,ALAVES,1,2
2016,GIJON,LEGANES,2,1
2016,VALENCIA,REAL BETIS,2,3
2016,GRANADA,EIBAR,1,2
2016,DEPORTIVO,ATHLETIC,0,1
2016,REAL BETIS,GRANADA,2,2
2016,LEGANES,BARCELONA,1,5
2016,ATLETICO MADRID,GIJON,5,0
2016,EIBAR,SEVILLA FC,1,1
2016,LAS PALMAS,MALAGA,1,0
2016,OSASUNA,CELTA,0,0
2016,ATHLETIC,VALENCIA,2,1
2016,VILLARREAL,REAL SOCIEDAD,2,1
2016,ESPANYOL,REAL MADRID,0,2
2016,ALAVES,DEPORTIVO,0,0
2016,MALAGA,EIBAR,2,1
2016,SEVILLA FC,REAL BETIS,1,0
2016,REAL MADRID,VILLARREAL,1,1
2016,CELTA,GIJON,2,1
2016,BARCELONA,ATLETICO MADRID,1,1
2016,REAL SOCIEDAD,LAS PALMAS,4,1
2016,GRANADA,ATHLETIC,1,2
2016,OSASUNA,ESPANYOL,1,2
2016,DEPORTIVO,LEGANES,1,2
2016,VALENCIA,ALAVES,2,1
2016,REAL BETIS,MALAGA,1,0
2016,EIBAR,REAL SOCIEDAD,2,0
2016,GIJON,BARCELONA,0,5
2016,ATHLETIC,SEVILLA FC,3,1
2016,LAS PALMAS,REAL MADRID,2,2
2016,LEGANES,VALENCIA,1,2
2016,ATLETICO MADRID,DEPORTIVO,1,0
2016,VILLARREAL,OSASUNA,3,1
2016,ESPANYOL,CELTA,0,2
2016,ALAVES,GRANADA,3,1
2016,REAL SOCIEDAD,REAL BETIS,1,0
2016,GRANADA,LEGANES,0,1
2016,SEVILLA FC,ALAVES,2,1
2016,OSASUNA,LAS PALMAS,2,2
2016,DEPORTIVO,GIJON,2,1
2016,VALENCIA,ATLETICO MADRID,0,2
2016,REAL MADRID,EIBAR,1,1
2016,MALAGA,ATHLETIC,2,1
2016,ESPANYOL,VILLARREAL,0,0
2016,CELTA,BARCELONA,4,3
2016,LAS PALMAS,ESPANYOL,0,0
2016,LEGANES,SEVILLA FC,2,3
2016,BARCELONA,DEPORTIVO,4,0
2016,ATLETICO MADRID,GRANADA,7,1
2016,REAL BETIS,REAL MADRID,1,6
2016,ALAVES,MALAGA,1,1
2016,ATHLETIC,REAL SOCIEDAD,3,2
2016,GIJON,VALENCIA,1,2
2016,VILLARREAL,CELTA,5,0
2016,EIBAR,OSASUNA,2,3
2016,OSASUNA,REAL BETIS,1,2
2016,ESPANYOL,EIBAR,3,3
2016,VALENCIA,BARCELONA,2,3
2016,REAL SOCIEDAD,ALAVES,3,0
2016,GRANADA,GIJON,0,0
2016,CELTA,DEPORTIVO,4,1
2016,SEVILLA FC,ATLETICO MADRID,1,0
2016,MALAGA,LEGANES,4,0
2016,VILLARREAL,LAS PALMAS,2,1
2016,REAL MADRID,ATHLETIC,2,1
2016,LEGANES,REAL SOCIEDAD,0,2
2016,GIJON,SEVILLA FC,1,1
2016,ALAVES,REAL MADRID,1,4
2016,ATLETICO MADRID,MALAGA,4,2
2016,BARCELONA,GRANADA,1,0
2016,EIBAR,VILLARREAL,2,1
2016,ATHLETIC,OSASUNA,1,1
2016,REAL BETIS,ESPANYOL,0,1
2016,LAS PALMAS,CELTA,3,3
2016,DEPORTIVO,VALENCIA,1,1
2016,MALAGA,GIJON,3,2
2016,GRANADA,DEPORTIVO,1,1
2016,REAL SOCIEDAD,ATLETICO MADRID,2,0
2016,OSASUNA,ALAVES,0,1
2016,LAS PALMAS,EIBAR,1,0
2016,REAL MADRID,LEGANES,3,0
2016,ESPANYOL,ATHLETIC,0,0
2016,CELTA,VALENCIA,2,1
2016,VILLARREAL,REAL BETIS,2,0
2016,SEVILLA FC,BARCELONA,1,2
2016,REAL BETIS,LAS PALMAS,2,0
2016,DEPORTIVO,SEVILLA FC,2,3
2016,BARCELONA,MALAGA,0,0
2016,EIBAR,CELTA,1,0
2016,ATLETICO MADRID,REAL MADRID,0,3
2016,ALAVES,ESPANYOL,0,1
2016,VALENCIA,GRANADA,1,1
2016,GIJON,REAL SOCIEDAD,1,3
2016,ATHLETIC,VILLARREAL,1,0
2016,LEGANES,OSASUNA,2,0
2016,EIBAR,REAL BETIS,3,1
2016,MALAGA,DEPORTIVO,4,3
2016,REAL MADRID,GIJON,2,1
2016,ESPANYOL,LEGANES,3,0
2016,SEVILLA FC,VALENCIA,2,1
2016,VILLARREAL,ALAVES,0,2
2016,OSASUNA,ATLETICO MADRID,0,3
2016,CELTA,GRANADA,3,1
2016,REAL SOCIEDAD,BARCELONA,1,1
2016,LAS PALMAS,ATHLETIC,3,1
2016,GRANADA,SEVILLA FC,2,1
2016,BARCELONA,REAL MADRID,1,1
2016,LEGANES,VILLARREAL,0,0
2016,ATLETICO MADRID,ESPANYOL,0,0
2016,REAL BETIS,CELTA,3,3
2016,ATHLETIC,EIBAR,3,1
2016,GIJON,OSASUNA,3,1
2016,ALAVES,LAS PALMAS,1,1
2016,VALENCIA,MALAGA,2,2
2016,DEPORTIVO,REAL SOCIEDAD,5,1
2016,MALAGA,GRANADA,1,1
2016,OSASUNA,BARCELONA,0,3
2016,REAL SOCIEDAD,VALENCIA,3,2
2016,LAS PALMAS,LEGANES,1,1
2016,REAL MADRID,DEPORTIVO,3,2
2016,EIBAR,ALAVES,0,0
2016,CELTA,SEVILLA FC,0,3
2016,ESPANYOL,GIJON,2,1
2016,REAL BETIS,ATHLETIC,1,0
2016,VILLARREAL,ATLETICO MADRID,3,0
2016,ALAVES,REAL BETIS,1,0
2016,GIJON,VILLARREAL,1,3
2016,ATLETICO MADRID,LAS PALMAS,1,0
2016,GRANADA,REAL SOCIEDAD,0,2
2016,SEVILLA FC,MALAGA,4,1
2016,LEGANES,EIBAR,1,1
2016,DEPORTIVO,OSASUNA,2,0
2016,BARCELONA,ESPANYOL,4,1
2016,ATHLETIC,CELTA,2,1
2016,VALENCIA,REAL MADRID,2,1
2016,ESPANYOL,DEPORTIVO,1,1
2016,REAL MADRID,GRANADA,5,0
2016,EIBAR,ATLETICO MADRID,0,2
2016,LAS PALMAS,GIJON,1,0
2016,REAL SOCIEDAD,SEVILLA FC,0,4
2016,ATHLETIC,ALAVES,0,0
2016,REAL BETIS,LEGANES,2,0
2016,CELTA,MALAGA,3,1
2016,VILLARREAL,BARCELONA,1,1
2016,OSASUNA,VALENCIA,3,3
2016,LEGANES,ATHLETIC,0,0
2016,BARCELONA,LAS PALMAS,5,0
2016,ATLETICO MADRID,REAL BETIS,1,0
2016,DEPORTIVO,VILLARREAL,0,0
2016,VALENCIA,ESPANYOL,2,1
2016,CELTA,ALAVES,1,0
2016,GIJON,EIBAR,2,3
2016,GRANADA,OSASUNA,1,1
2016,SEVILLA FC,REAL MADRID,2,1
2016,MALAGA,REAL SOCIEDAD,0,2
2016,LAS PALMAS,DEPORTIVO,1,1
2016,ESPANYOL,GRANADA,3,1
2016,REAL MADRID,MALAGA,2,1
2016,ALAVES,LEGANES,2,2
2016,VILLARREAL,VALENCIA,0,2
2016,OSASUNA,SEVILLA FC,3,4
2016,ATHLETIC,ATLETICO MADRID,2,2
2016,REAL SOCIEDAD,CELTA,1,0
2016,REAL BETIS,GIJON,0,0
2016,EIBAR,BARCELONA,0,4
2016,OSASUNA,MALAGA,1,1
2016,VILLARREAL,GRANADA,2,0
2016,ALAVES,ATLETICO MADRID,0,0
2016,EIBAR,DEPORTIVO,3,1
2016,LEGANES,CELTA,0,2
2016,REAL BETIS,BARCELONA,1,1
2016,ESPANYOL,SEVILLA FC,3,1
2016,ATHLETIC,GIJON,2,1
2016,REAL MADRID,REAL SOCIEDAD,3,0
2016,LAS PALMAS,VALENCIA,3,1
2016,MALAGA,ESPANYOL,0,1
2016,BARCELONA,ATHLETIC,3,0
2016,ATLETICO MADRID,LEGANES,2,0
2016,VALENCIA,EIBAR,0,4
2016,SEVILLA FC,VILLARREAL,0,0
2016,GIJON,ALAVES,2,4
2016,REAL SOCIEDAD,OSASUNA,3,2
2016,GRANADA,LAS PALMAS,1,0
2016,DEPORTIVO,REAL BETIS,1,1
2016,CELTA,REAL MADRID,1,4
2016,ESPANYOL,REAL SOCIEDAD,1,2
2016,REAL BETIS,VALENCIA,0,0
2016,ALAVES,BARCELONA,0,6
2016,ATHLETIC,DEPORTIVO,2,1
2016,OSASUNA,REAL MADRID,1,3
2016,VILLARREAL,MALAGA,1,1
2016,LEGANES,GIJON,0,2
2016,LAS PALMAS,SEVILLA FC,0,1
2016,ATLETICO MADRID,CELTA,3,2
2016,EIBAR,GRANADA,4,0
2016,GRANADA,REAL BETIS,4,1
2016,GIJON,ATLETICO MADRID,1,4
2016,REAL MADRID,ESPANYOL,2,0
2016,DEPORTIVO,ALAVES,0,1
2016,SEVILLA FC,EIBAR,2,0
2016,REAL SOCIEDAD,VILLARREAL,0,1
2016,VALENCIA,ATHLETIC,2,0
2016,CELTA,OSASUNA,3,0
2016,BARCELONA,LEGANES,2,1
2016,MALAGA,LAS PALMAS,2,1
2016,LAS PALMAS,REAL SOCIEDAD,0,1
2016,ALAVES,VALENCIA,2,1
2016,REAL BETIS,SEVILLA FC,1,2
2016,LEGANES,DEPORTIVO,4,0
2016,EIBAR,MALAGA,3,0
2016,ESPANYOL,OSASUNA,3,0
2016,ATLETICO MADRID,BARCELONA,1,2
2016,ATHLETIC,GRANADA,3,1
2016,GIJON,CELTA,1,1
2016,VILLARREAL,REAL MADRID,2,3
2016,REAL SOCIEDAD,EIBAR,2,2
2016,VALENCIA,LEGANES,1,0
2016,MALAGA,REAL BETIS,1,2
2016,BARCELONA,GIJON,6,1
2016,OSASUNA,VILLARREAL,1,4
2016,REAL MADRID,LAS PALMAS,3,3
2016,GRANADA,ALAVES,2,1
2016,CELTA,ESPANYOL,2,2
2016,DEPORTIVO,ATLETICO MADRID,1,1
2016,SEVILLA FC,ATHLETIC,1,0
2016,REAL BETIS,REAL SOCIEDAD,2,3
2016,LEGANES,GRANADA,1,0
2016,EIBAR,REAL MADRID,1,4
2016,VILLARREAL,ESPANYOL,2,0
2016,BARCELONA,CELTA,5,0
2016,GIJON,DEPORTIVO,0,1
2016,ATLETICO MADRID,VALENCIA,3,0
2016,LAS PALMAS,OSASUNA,5,2
2016,ATHLETIC,MALAGA,1,0
2016,ALAVES,SEVILLA FC,1,1
2016,ESPANYOL,LAS PALMAS,4,3
2016,VALENCIA,GIJON,1,1
2016,SEVILLA FC,LEGANES,1,1
2016,MALAGA,ALAVES,1,2
2016,GRANADA,ATLETICO MADRID,0,1
2016,REAL SOCIEDAD,ATHLETIC,0,2
2016,DEPORTIVO,BARCELONA,2,1
2016,CELTA,VILLARREAL,0,1
2016,REAL MADRID,REAL BETIS,2,1
2016,OSASUNA,EIBAR,1,1
2016,LAS PALMAS,VILLARREAL,1,0
2016,EIBAR,ESPANYOL,1,1
2016,ATHLETIC,REAL MADRID,1,2
2016,ALAVES,REAL SOCIEDAD,1,0
2016,REAL BETIS,OSASUNA,2,0
2016,LEGANES,MALAGA,0,0
2016,ATLETICO MADRID,SEVILLA FC,3,1
2016,DEPORTIVO,CELTA,0,1
2016,GIJON,GRANADA,3,1
2016,BARCELONA,VALENCIA,4,2
2016,ESPANYOL,REAL BETIS,2,1
2016,VILLARREAL,EIBAR,2,3
2016,OSASUNA,ATHLETIC,1,2
2016,REAL SOCIEDAD,LEGANES,1,1
2016,MALAGA,ATLETICO MADRID,0,2
2016,SEVILLA FC,GIJON,0,0
2016,REAL MADRID,ALAVES,3,0
2016,VALENCIA,DEPORTIVO,3,0
2016,GRANADA,BARCELONA,1,4
2016,CELTA,LAS PALMAS,3,1
2016,ATHLETIC,ESPANYOL,2,0
2016,ATLETICO MADRID,REAL SOCIEDAD,1,0
2016,REAL BETIS,VILLARREAL,0,1
2016,BARCELONA,SEVILLA FC,3,0
2016,DEPORTIVO,GRANADA,0,0
2016,GIJON,MALAGA,0,1
2016,ALAVES,OSASUNA,0,1
2016,LEGANES,REAL MADRID,2,4
2016,EIBAR,LAS PALMAS,3,1
2016,VALENCIA,CELTA,3,2
2016,VILLARREAL,ATHLETIC,3,1
2016,ESPANYOL,ALAVES,1,0
2016,REAL MADRID,ATLETICO MADRID,1,1
2016,SEVILLA FC,DEPORTIVO,4,2
2016,MALAGA,BARCELONA,2,0
2016,GRANADA,VALENCIA,1,3
2016,CELTA,EIBAR,0,2
2016,OSASUNA,LEGANES,2,1
2016,LAS PALMAS,REAL BETIS,4,1
2016,REAL SOCIEDAD,GIJON,3,1
2016,ATHLETIC,LAS PALMAS,5,1
2016,DEPORTIVO,MALAGA,2,0
2016,GIJON,REAL MADRID,2,3
2016,ATLETICO MADRID,OSASUNA,3,0
2016,BARCELONA,REAL SOCIEDAD,3,2
2016,LEGANES,ESPANYOL,0,1
2016,VALENCIA,SEVILLA FC,0,0
2016,REAL BETIS,EIBAR,2,0
2016,GRANADA,CELTA,0,3
2016,ALAVES,VILLARREAL,2,1
2016,SEVILLA FC,GRANADA,2,0
2016,MALAGA,VALENCIA,2,0
2016,VILLARREAL,LEGANES,2,1
2016,OSASUNA,GIJON,2,2
2016,ESPANYOL,ATLETICO MADRID,0,1
2016,REAL SOCIEDAD,DEPORTIVO,1,0
2016,CELTA,REAL BETIS,0,1
2016,LAS PALMAS,ALAVES,1,1
2016,REAL MADRID,BARCELONA,2,3
2016,EIBAR,ATHLETIC,0,1
2016,GIJON,ESPANYOL,1,1
2016,GRANADA,MALAGA,0,2
2016,ATLETICO MADRID,VILLARREAL,0,1
2016,BARCELONA,OSASUNA,7,1
2016,VALENCIA,REAL SOCIEDAD,2,3
2016,LEGANES,LAS PALMAS,3,0
2016,DEPORTIVO,REAL MADRID,2,6
2016,ALAVES,EIBAR,0,0
2016,SEVILLA FC,CELTA,2,1
2016,ATHLETIC,REAL BETIS,2,1
2016,VILLARREAL,GIJON,3,1
2016,REAL SOCIEDAD,GRANADA,2,1
2016,REAL MADRID,VALENCIA,2,1
2016,LAS PALMAS,ATLETICO MADRID,0,5
2016,ESPANYOL,BARCELONA,0,3
2016,OSASUNA,DEPORTIVO,2,2
2016,REAL BETIS,ALAVES,1,4
2016,EIBAR,LEGANES,2,0
2016,CELTA,ATHLETIC,0,3
2016,MALAGA,SEVILLA FC,4,2
2016,SEVILLA FC,REAL SOCIEDAD,1,1
2016,GIJON,LAS PALMAS,1,0
2016,ATLETICO MADRID,EIBAR,1,0
2016,BARCELONA,VILLARREAL,4,1
2016,GRANADA,REAL MADRID,0,4
2016,ALAVES,ATHLETIC,1,0
2016,VALENCIA,OSASUNA,4,1
2016,DEPORTIVO,ESPANYOL,1,2
2016,MALAGA,CELTA,3,0
2016,LEGANES,REAL BETIS,4,0
2016,ESPANYOL,VALENCIA,0,1
2016,OSASUNA,GRANADA,2,1
2016,ALAVES,CELTA,3,1
2016,REAL MADRID,SEVILLA FC,4,1
2016,ATHLETIC,LEGANES,1,1
2016,REAL SOCIEDAD,MALAGA,2,2
2016,REAL BETIS,ATLETICO MADRID,1,1
2016,VILLARREAL,DEPORTIVO,0,0
2016,LAS PALMAS,BARCELONA,1,4
2016,EIBAR,GIJON,0,1
2016,GRANADA,ESPANYOL,1,2
2016,GIJON,REAL BETIS,2,2
2016,DEPORTIVO,LAS PALMAS,3,0
2016,LEGANES,ALAVES,1,1
2016,SEVILLA FC,OSASUNA,5,0
2016,ATLETICO MADRID,ATHLETIC,3,1
2016,CELTA,REAL SOCIEDAD,2,2
2016,VALENCIA,VILLARREAL,1,3
2016,BARCELONA,EIBAR,4,2
2016,MALAGA,REAL MADRID,0,2
2017,LEGANES,ALAVES,1,0
2017,VALENCIA,LAS PALMAS,1,0
2017,CELTA,REAL SOCIEDAD,2,3
2017,GIRONA,ATLETICO MADRID,2,2
2017,SEVILLA FC,ESPANYOL,1,1
2017,ATHLETIC,GETAFE,0,0
2017,BARCELONA,REAL BETIS,2,0
2017,DEPORTIVO,REAL MADRID,0,3
2017,LEVANTE,VILLARREAL,1,0
2017,MALAGA,EIBAR,0,1
2017,REAL SOCIEDAD,VILLARREAL,3,0
2017,REAL BETIS,CELTA,2,1
2017,ALAVES,BARCELONA,0,2
2017,LEVANTE,DEPORTIVO,2,2
2017,GIRONA,MALAGA,1,0
2017,LAS PALMAS,ATLETICO MADRID,1,5
2017,ESPANYOL,LEGANES,0,1
2017,EIBAR,ATHLETIC,0,1
2017,GETAFE,SEVILLA FC,0,1
2017,REAL MADRID,VALENCIA,2,2
2017,LEGANES,GETAFE,1,2
2017,REAL MADRID,LEVANTE,1,1
2017,VALENCIA,ATLETICO MADRID,0,0
2017,SEVILLA FC,EIBAR,3,0
2017,BARCELONA,ESPANYOL,5,0
2017,DEPORTIVO,REAL SOCIEDAD,2,4
2017,ATHLETIC,GIRONA,2,0
2017,CELTA,ALAVES,1,0
2017,VILLARREAL,REAL BETIS,3,1
2017,MALAGA,LAS PALMAS,1,3
2017,EIBAR,LEGANES,1,0
2017,LEVANTE,VALENCIA,1,1
2017,GETAFE,BARCELONA,1,2
2017,REAL BETIS,DEPORTIVO,2,1
2017,ATLETICO MADRID,MALAGA,1,0
2017,ALAVES,VILLARREAL,0,3
2017,GIRONA,SEVILLA FC,0,1
2017,LAS PALMAS,ATHLETIC,1,0
2017,REAL SOCIEDAD,REAL MADRID,1,3
2017,ESPANYOL,CELTA,2,1
2017,VALENCIA,MALAGA,5,0
2017,BARCELONA,EIBAR,6,1
2017,ATHLETIC,ATLETICO MADRID,1,2
2017,LEGANES,GIRONA,0,0
2017,DEPORTIVO,ALAVES,1,0
2017,REAL MADRID,REAL BETIS,0,1
2017,SEVILLA FC,LAS PALMAS,1,0
2017,VILLARREAL,ESPANYOL,0,0
2017,CELTA,GETAFE,1,1
2017,LEVANTE,REAL SOCIEDAD,3,0
2017,ATLETICO MADRID,SEVILLA FC,2,0
2017,ALAVES,REAL MADRID,1,2
2017,MALAGA,ATHLETIC,3,3
2017,GIRONA,BARCELONA,0,3
2017,ESPANYOL,DEPORTIVO,4,1
2017,GETAFE,VILLARREAL,4,0
2017,LAS PALMAS,LEGANES,0,2
2017,EIBAR,CELTA,0,4
2017,REAL SOCIEDAD,VALENCIA,2,3
2017,REAL BETIS,LEVANTE,4,0
2017,CELTA,GIRONA,3,3
2017,DEPORTIVO,GETAFE,2,1
2017,SEVILLA FC,MALAGA,2,0
2017,LEVANTE,ALAVES,0,2
2017,LEGANES,ATLETICO MADRID,0,0
2017,REAL SOCIEDAD,REAL BETIS,4,4
2017,BARCELONA,LAS PALMAS,3,0
2017,VILLARREAL,EIBAR,3,0
2017,VALENCIA,ATHLETIC,3,2
2017,REAL MADRID,ESPANYOL,2,0
2017,ESPANYOL,LEVANTE,0,0
2017,ATHLETIC,SEVILLA FC,1,0
2017,GETAFE,REAL MADRID,1,2
2017,ALAVES,REAL SOCIEDAD,0,2
2017,ATLETICO MADRID,BARCELONA,1,1
2017,EIBAR,DEPORTIVO,0,0
2017,GIRONA,VILLARREAL,1,2
2017,MALAGA,LEGANES,0,2
2017,REAL BETIS,VALENCIA,3,6
2017,LAS PALMAS,CELTA,2,5
2017,LEVANTE,GETAFE,1,1
2017,REAL BETIS,ALAVES,2,0
2017,VALENCIA,SEVILLA FC,4,0
2017,BARCELONA,MALAGA,2,0
2017,VILLARREAL,LAS PALMAS,4,0
2017,CELTA,ATLETICO MADRID,0,1
2017,LEGANES,ATHLETIC,1,0
2017,REAL MADRID,EIBAR,3,0
2017,REAL SOCIEDAD,ESPANYOL,1,1
2017,DEPORTIVO,GIRONA,1,2
2017,ALAVES,VALENCIA,1,2
2017,ATLETICO MADRID,VILLARREAL,1,1
2017,ATHLETIC,BARCELONA,0,2
2017,SEVILLA FC,LEGANES,2,1
2017,GETAFE,REAL SOCIEDAD,2,1
2017,GIRONA,REAL MADRID,2,1
2017,EIBAR,LEVANTE,2,2
2017,MALAGA,CELTA,2,1
2017,ESPANYOL,REAL BETIS,1,0
2017,LAS PALMAS,DEPORTIVO,1,3
2017,REAL BETIS,GETAFE,2,2
2017,VALENCIA,LEGANES,3,0
2017,DEPORTIVO,ATLETICO MADRID,0,1
2017,ALAVES,ESPANYOL,1,0
2017,BARCELONA,SEVILLA FC,2,1
2017,LEVANTE,GIRONA,1,2
2017,CELTA,ATHLETIC,3,1
2017,REAL SOCIEDAD,EIBAR,3,1
2017,VILLARREAL,MALAGA,2,0
2017,REAL MADRID,LAS PALMAS,3,0
2017,GIRONA,REAL SOCIEDAD,1,1
2017,GETAFE,ALAVES,4,1
2017,LEGANES,BARCELONA,0,3
2017,SEVILLA FC,CELTA,2,1
2017,ATLETICO MADRID,REAL MADRID,0,0
2017,MALAGA,DEPORTIVO,3,2
2017,ESPANYOL,VALENCIA,0,2
2017,LAS PALMAS,LEVANTE,0,2
2017,ATHLETIC,VILLARREAL,1,1
2017,EIBAR,REAL BETIS,5,0
2017,CELTA,LEGANES,1,0
2017,ALAVES,EIBAR,1,2
2017,REAL MADRID,MALAGA,3,2
2017,REAL BETIS,GIRONA,2,2
2017,LEVANTE,ATLETICO MADRID,0,5
2017,DEPORTIVO,ATHLETIC,2,2
2017,REAL SOCIEDAD,LAS PALMAS,2,2
2017,VILLARREAL,SEVILLA FC,2,3
2017,VALENCIA,BARCELONA,1,1
2017,ESPANYOL,GETAFE,1,0
2017,MALAGA,LEVANTE,0,0
2017,BARCELONA,CELTA,2,2
2017,ATLETICO MADRID,REAL SOCIEDAD,2,1
2017,SEVILLA FC,DEPORTIVO,2,0
2017,ATHLETIC,REAL MADRID,0,0
2017,LEGANES,VILLARREAL,3,1
2017,GETAFE,VALENCIA,1,0
2017,EIBAR,ESPANYOL,3,1
2017,LAS PALMAS,REAL BETIS,1,0
2017,GIRONA,ALAVES,2,3
2017,ALAVES,LAS PALMAS,2,0
2017,GETAFE,EIBAR,0,0
2017,REAL MADRID,SEVILLA FC,5,0
2017,DEPORTIVO,LEGANES,1,0
2017,VALENCIA,CELTA,2,1
2017,REAL SOCIEDAD,MALAGA,0,2
2017,REAL BETIS,ATLETICO MADRID,0,1
2017,LEVANTE,ATHLETIC,1,2
2017,VILLARREAL,BARCELONA,0,2
2017,ESPANYOL,GIRONA,0,1
2017,SEVILLA FC,LEVANTE,0,0
2017,ATHLETIC,REAL SOCIEDAD,0,0
2017,EIBAR,VALENCIA,2,1
2017,ATLETICO MADRID,ALAVES,1,0
2017,GIRONA,GETAFE,1,0
2017,CELTA,VILLARREAL,0,1
2017,LAS PALMAS,ESPANYOL,2,2
2017,BARCELONA,DEPORTIVO,4,0
2017,MALAGA,REAL BETIS,0,2
2017,LEGANES,REAL MADRID,1,3
2017,LEVANTE,LEGANES,0,0
2017,GETAFE,LAS PALMAS,2,0
2017,REAL SOCIEDAD,SEVILLA FC,3,1
2017,EIBAR,GIRONA,4,1
2017,ALAVES,MALAGA,1,0
2017,REAL BETIS,ATHLETIC,0,2
2017,ESPANYOL,ATLETICO MADRID,1,0
2017,REAL MADRID,BARCELONA,0,3
2017,VALENCIA,VILLARREAL,0,1
2017,DEPORTIVO,CELTA,1,3
2017,ATLETICO MADRID,GETAFE,2,0
2017,VALENCIA,GIRONA,2,1
2017,LAS PALMAS,EIBAR,1,2
2017,SEVILLA FC,REAL BETIS,3,5
2017,LEGANES,REAL SOCIEDAD,1,0
2017,BARCELONA,LEVANTE,3,0
2017,VILLARREAL,DEPORTIVO,1,1
2017,ATHLETIC,ALAVES,2,0
2017,CELTA,REAL MADRID,2,2
2017,MALAGA,ESPANYOL,0,1
2017,GETAFE,MALAGA,1,0
2017,GIRONA,LAS PALMAS,6,0
2017,REAL MADRID,VILLARREAL,0,1
2017,EIBAR,ATLETICO MADRID,0,1
2017,DEPORTIVO,VALENCIA,1,2
2017,LEVANTE,CELTA,0,1
2017,ALAVES,SEVILLA FC,1,0
2017,ESPANYOL,ATHLETIC,1,1
2017,REAL SOCIEDAD,BARCELONA,2,4
2017,REAL BETIS,LEGANES,3,2
2017,GETAFE,ATHLETIC,2,2
2017,ESPANYOL,SEVILLA FC,0,3
2017,ATLETICO MADRID,GIRONA,1,1
2017,VILLARREAL,LEVANTE,2,1
2017,LAS PALMAS,VALENCIA,2,1
2017,ALAVES,LEGANES,2,2
2017,REAL MADRID,DEPORTIVO,7,1
2017,REAL SOCIEDAD,CELTA,1,2
2017,REAL BETIS,BARCELONA,0,5
2017,EIBAR,MALAGA,1,1
2017,ATHLETIC,EIBAR,1,1
2017,DEPORTIVO,LEVANTE,2,2
2017,VALENCIA,REAL MADRID,1,4
2017,MALAGA,GIRONA,0,0
2017,VILLARREAL,REAL SOCIEDAD,4,2
2017,LEGANES,ESPANYOL,3,2
2017,ATLETICO MADRID,LAS PALMAS,3,0
2017,SEVILLA FC,GETAFE,1,1
2017,BARCELONA,ALAVES,2,1
2017,CELTA,REAL BETIS,3,2
2017,REAL SOCIEDAD,DEPORTIVO,5,0
2017,EIBAR,SEVILLA FC,5,1
2017,REAL BETIS,VILLARREAL,2,1
2017,ALAVES,CELTA,2,1
2017,LEVANTE,REAL MADRID,2,2
2017,GETAFE,LEGANES,0,0
2017,ESPANYOL,BARCELONA,1,1
2017,GIRONA,ATHLETIC,2,0
2017,ATLETICO MADRID,VALENCIA,1,0
2017,LAS PALMAS,MALAGA,1,0
2017,ATHLETIC,LAS PALMAS,0,0
2017,VILLARREAL,ALAVES,1,2
2017,MALAGA,ATLETICO MADRID,0,1
2017,LEGANES,EIBAR,0,1
2017,REAL MADRID,REAL SOCIEDAD,5,2
2017,SEVILLA FC,GIRONA,1,0
2017,BARCELONA,GETAFE,0,0
2017,CELTA,ESPANYOL,2,2
2017,VALENCIA,LEVANTE,3,1
2017,DEPORTIVO,REAL BETIS,0,1
2017,GIRONA,LEGANES,3,0
2017,LAS PALMAS,SEVILLA FC,1,2
2017,EIBAR,BARCELONA,0,2
2017,ALAVES,DEPORTIVO,1,0
2017,MALAGA,VALENCIA,1,2
2017,REAL SOCIEDAD,LEVANTE,3,0
2017,ATLETICO MADRID,ATHLETIC,2,0
2017,ESPANYOL,VILLARREAL,1,1
2017,REAL BETIS,REAL MADRID,3,5
2017,GETAFE,CELTA,3,0
2017,DEPORTIVO,ESPANYOL,0,0
2017,CELTA,EIBAR,2,0
2017,REAL MADRID,ALAVES,4,0
2017,LEGANES,LAS PALMAS,0,0
2017,BARCELONA,GIRONA,6,1
2017,VILLARREAL,GETAFE,1,0
2017,ATHLETIC,MALAGA,2,1
2017,VALENCIA,REAL SOCIEDAD,2,1
2017,SEVILLA FC,ATLETICO MADRID,2,5
2017,LEVANTE,REAL BETIS,0,2
2017,ESPANYOL,REAL MADRID,1,0
2017,GIRONA,CELTA,1,0
2017,MALAGA,SEVILLA FC,0,1
2017,ATHLETIC,VALENCIA,1,1
2017,GETAFE,DEPORTIVO,3,0
2017,ATLETICO MADRID,LEGANES,4,0
2017,EIBAR,VILLARREAL,1,0
2017,REAL BETIS,REAL SOCIEDAD,0,0
2017,LAS PALMAS,BARCELONA,1,1
2017,ALAVES,LEVANTE,1,0
2017,VILLARREAL,GIRONA,0,2
2017,SEVILLA FC,ATHLETIC,2,0
2017,DEPORTIVO,EIBAR,1,1
2017,LEGANES,MALAGA,2,0
2017,REAL MADRID,GETAFE,3,1
2017,LEVANTE,ESPANYOL,1,1
2017,BARCELONA,ATLETICO MADRID,1,0
2017,REAL SOCIEDAD,ALAVES,2,1
2017,VALENCIA,REAL BETIS,2,0
2017,CELTA,LAS PALMAS,2,1
2017,GIRONA,DEPORTIVO,2,0
2017,EIBAR,REAL MADRID,1,2
2017,SEVILLA FC,VALENCIA,0,2
2017,GETAFE,LEVANTE,0,1
2017,MALAGA,BARCELONA,0,2
2017,ESPANYOL,REAL SOCIEDAD,2,1
2017,ATLETICO MADRID,CELTA,3,0
2017,LAS PALMAS,VILLARREAL,0,2
2017,ATHLETIC,LEGANES,2,0
2017,ALAVES,REAL BETIS,1,3
2017,LEVANTE,EIBAR,2,1
2017,DEPORTIVO,LAS PALMAS,1,1
2017,VALENCIA,ALAVES,3,1
2017,REAL SOCIEDAD,GETAFE,1,2
2017,REAL BETIS,ESPANYOL,3,0
2017,LEGANES,SEVILLA FC,2,1
2017,BARCELONA,ATHLETIC,2,0
2017,CELTA,MALAGA,0,0
2017,VILLARREAL,ATLETICO MADRID,2,1
2017,REAL MADRID,GIRONA,6,3
2017,GIRONA,LEVANTE,1,1
2017,ATHLETIC,CELTA,1,1
2017,LAS PALMAS,REAL MADRID,0,3
2017,SEVILLA FC,BARCELONA,2,2
2017,ESPANYOL,ALAVES,0,0
2017,LEGANES,VALENCIA,0,1
2017,EIBAR,REAL SOCIEDAD,0,0
2017,MALAGA,VILLARREAL,1,0
2017,ATLETICO MADRID,DEPORTIVO,1,0
2017,GETAFE,REAL BETIS,0,1
2017,DEPORTIVO,MALAGA,3,2
2017,ALAVES,GETAFE,2,0
2017,CELTA,SEVILLA FC,4,0
2017,REAL BETIS,EIBAR,2,0
2017,BARCELONA,LEGANES,3,1
2017,LEVANTE,LAS PALMAS,2,1
2017,REAL MADRID,ATLETICO MADRID,1,1
2017,REAL SOCIEDAD,GIRONA,5,0
2017,VALENCIA,ESPANYOL,1,0
2017,VILLARREAL,ATHLETIC,1,3
2017,GIRONA,REAL BETIS,0,1
2017,SEVILLA FC,VILLARREAL,2,2
2017,BARCELONA,VALENCIA,2,1
2017,LAS PALMAS,REAL SOCIEDAD,0,1
2017,LEGANES,CELTA,1,0
2017,ATHLETIC,DEPORTIVO,2,3
2017,EIBAR,ALAVES,0,1
2017,ATLETICO MADRID,LEVANTE,3,0
2017,GETAFE,ESPANYOL,1,0
2017,MALAGA,REAL MADRID,1,2
2017,DEPORTIVO,SEVILLA FC,0,0
2017,CELTA,BARCELONA,2,2
2017,VILLARREAL,LEGANES,2,1
2017,ESPANYOL,EIBAR,0,1
2017,VALENCIA,GETAFE,1,2
2017,REAL MADRID,ATHLETIC,1,1
2017,ALAVES,GIRONA,1,2
2017,REAL SOCIEDAD,ATLETICO MADRID,3,0
2017,REAL BETIS,LAS PALMAS,1,0
2017,LEVANTE,MALAGA,1,0
2017,LEGANES,DEPORTIVO,0,0
2017,EIBAR,GETAFE,0,1
2017,CELTA,VALENCIA,1,1
2017,GIRONA,ESPANYOL,0,2
2017,MALAGA,REAL SOCIEDAD,2,0
2017,LAS PALMAS,ALAVES,0,4
2017,ATLETICO MADRID,REAL BETIS,0,0
2017,ATHLETIC,LEVANTE,1,3
2017,BARCELONA,VILLARREAL,5,1
2017,SEVILLA FC,REAL MADRID,3,2
2017,LEVANTE,SEVILLA FC,2,1
2017,ESPANYOL,LAS PALMAS,1,1
2017,REAL SOCIEDAD,ATHLETIC,3,1
2017,REAL MADRID,LEGANES,2,1
2017,VILLARREAL,CELTA,4,1
2017,GETAFE,GIRONA,1,1
2017,ALAVES,ATLETICO MADRID,0,1
2017,VALENCIA,EIBAR,0,0
2017,DEPORTIVO,BARCELONA,2,4
2017,REAL BETIS,MALAGA,2,1
2017,SEVILLA FC,REAL SOCIEDAD,1,0
2017,GIRONA,EIBAR,1,4
2017,ATHLETIC,REAL BETIS,2,0
2017,CELTA,DEPORTIVO,1,1
2017,VILLARREAL,VALENCIA,1,0
2017,MALAGA,ALAVES,0,3
2017,ATLETICO MADRID,ESPANYOL,0,2
2017,LAS PALMAS,GETAFE,0,1
2017,BARCELONA,REAL MADRID,2,2
2017,LEGANES,LEVANTE,0,3
2017,REAL SOCIEDAD,LEGANES,3,2
2017,ALAVES,ATHLETIC,3,1
2017,EIBAR,LAS PALMAS,1,0
2017,GETAFE,ATLETICO MADRID,0,1
2017,REAL BETIS,SEVILLA FC,2,2
2017,DEPORTIVO,VILLARREAL,2,4
2017,GIRONA,VALENCIA,0,1
2017,REAL MADRID,CELTA,6,0
2017,ESPANYOL,MALAGA,4,1
2017,LEVANTE,BARCELONA,5,4
2017,CELTA,LEVANTE,4,2
2017,LEGANES,REAL BETIS,3,2
2017,MALAGA,GETAFE,0,1
2017,SEVILLA FC,ALAVES,1,0
2017,LAS PALMAS,GIRONA,1,2
2017,VILLARREAL,REAL MADRID,2,2
2017,VALENCIA,DEPORTIVO,2,1
2017,ATHLETIC,ESPANYOL,0,1
2017,ATLETICO MADRID,EIBAR,2,2
2017,BARCELONA,REAL SOCIEDAD,1,0
2018,GIRONA,VALLADOLID,0,0
2018,REAL BETIS,LEVANTE,0,3
2018,CELTA,ESPANYOL,1,1
2018,VILLARREAL,REAL SOCIEDAD,1,2
2018,BARCELONA,ALAVES,3,0
2018,EIBAR,HUESCA,1,2
2018,RAYO VALLECANO,SEVILLA FC,1,4
2018,REAL MADRID,GETAFE,2,0
2018,VALENCIA,ATLETICO MADRID,1,1
2018,ATHLETIC,LEGANES,2,1
2018,GETAFE,EIBAR,2,0
2018,LEGANES,REAL SOCIEDAD,2,2
2018,ALAVES,REAL BETIS,0,0
2018,ATLETICO MADRID,RAYO VALLECANO,1,0
2018,VALLADOLID,BARCELONA,0,1
2018,ESPANYOL,VALENCIA,2,0
2018,SEVILLA FC,VILLARREAL,0,0
2018,GIRONA,REAL MADRID,1,4
2018,LEVANTE,CELTA,1,2
2018,ATHLETIC,HUESCA,2,2
2018,GETAFE,VALLADOLID,0,0
2018,VILLARREAL,GIRONA,0,1
2018,EIBAR,REAL SOCIEDAD,2,1
2018,CELTA,ATLETICO MADRID,2,0
2018,REAL MADRID,LEGANES,4,1
2018,LEVANTE,VALENCIA,2,2
2018,ALAVES,ESPANYOL,2,1
2018,BARCELONA,HUESCA,8,2
2018,REAL BETIS,SEVILLA FC,1,0
2018,RAYO VALLECANO,ATHLETIC,1,1
2018,HUESCA,RAYO VALLECANO,0,1
2018,ATLETICO MADRID,EIBAR,1,1
2018,REAL SOCIEDAD,BARCELONA,1,2
2018,VALENCIA,REAL BETIS,0,0
2018,ATHLETIC,REAL MADRID,1,1
2018,LEGANES,VILLARREAL,0,1
2018,ESPANYOL,LEVANTE,1,0
2018,VALLADOLID,ALAVES,0,1
2018,SEVILLA FC,GETAFE,0,2
2018,GIRONA,CELTA,3,2
2018,HUESCA,REAL SOCIEDAD,0,1
2018,RAYO VALLECANO,ALAVES,1,5
2018,CELTA,VALLADOLID,3,3
2018,EIBAR,LEGANES,1,0
2018,GETAFE,ATLETICO MADRID,0,2
2018,REAL MADRID,ESPANYOL,1,0
2018,LEVANTE,SEVILLA FC,2,6
2018,VILLARREAL,VALENCIA,0,0
2018,REAL BETIS,ATHLETIC,2,2
2018,BARCELONA,GIRONA,2,2
2018,ESPANYOL,EIBAR,1,0
2018,REAL SOCIEDAD,RAYO VALLECANO,2,2
2018,ATLETICO MADRID,HUESCA,3,0
2018,ATHLETIC,VILLARREAL,0,3
2018,LEGANES,BARCELONA,2,1
2018,SEVILLA FC,REAL MADRID,3,0
2018,VALENCIA,CELTA,1,1
2018,VALLADOLID,LEVANTE,2,1
2018,ALAVES,GETAFE,1,1
2018,GIRONA,REAL BETIS,0,1
2018,RAYO VALLECANO,ESPANYOL,2,2
2018,REAL SOCIEDAD,VALENCIA,0,1
2018,BARCELONA,ATHLETIC,1,1
2018,EIBAR,SEVILLA FC,1,3
2018,REAL MADRID,ATLETICO MADRID,0,0
2018,HUESCA,GIRONA,1,1
2018,VILLARREAL,VALLADOLID,0,1
2018,LEVANTE,ALAVES,2,1
2018,REAL BETIS,LEGANES,1,0
2018,CELTA,GETAFE,1,1
2018,ATHLETIC,REAL SOCIEDAD,1,3
2018,GIRONA,EIBAR,2,3
2018,GETAFE,LEVANTE,0,1
2018,ALAVES,REAL MADRID,1,0
2018,LEGANES,RAYO VALLECANO,1,0
2018,VALLADOLID,HUESCA,1,0
2018,ATLETICO MADRID,REAL BETIS,1,0
2018,SEVILLA FC,CELTA,2,1
2018,ESPANYOL,VILLARREAL,3,1
2018,VALENCIA,BARCELONA,1,1
2018,CELTA,ALAVES,0,1
2018,REAL MADRID,LEVANTE,1,2
2018,VALENCIA,LEGANES,1,1
2018,VILLARREAL,ATLETICO MADRID,1,1
2018,BARCELONA,SEVILLA FC,4,2
2018,RAYO VALLECANO,GETAFE,1,2
2018,EIBAR,ATHLETIC,1,1
2018,HUESCA,ESPANYOL,0,2
2018,REAL BETIS,VALLADOLID,0,1
2018,REAL SOCIEDAD,GIRONA,0,0
2018,VALLADOLID,ESPANYOL,1,1
2018,GIRONA,RAYO VALLECANO,2,1
2018,ATHLETIC,VALENCIA,0,0
2018,CELTA,EIBAR,4,0
2018,LEVANTE,LEGANES,2,0
2018,ATLETICO MADRID,REAL SOCIEDAD,2,0
2018,GETAFE,REAL BETIS,2,0
2018,BARCELONA,REAL MADRID,5,1
2018,ALAVES,VILLARREAL,2,1
2018,SEVILLA FC,HUESCA,2,1
2018,LEGANES,ATLETICO MADRID,1,1
2018,REAL MADRID,VALLADOLID,2,0
2018,VALENCIA,GIRONA,0,1
2018,RAYO VALLECANO,BARCELONA,2,3
2018,EIBAR,ALAVES,2,1
2018,VILLARREAL,LEVANTE,1,1
2018,REAL SOCIEDAD,SEVILLA FC,0,0
2018,HUESCA,GETAFE,1,1
2018,REAL BETIS,CELTA,3,3
2018,ESPANYOL,ATHLETIC,1,0
2018,LEVANTE,REAL SOCIEDAD,1,3
2018,VALLADOLID,EIBAR,0,0
2018,GETAFE,VALENCIA,0,1
2018,ATLETICO MADRID,ATHLETIC,3,2
2018,GIRONA,LEGANES,0,0
2018,ALAVES,HUESCA,2,1
2018,BARCELONA,REAL BETIS,3,4
2018,RAYO VALLECANO,VILLARREAL,2,2
2018,SEVILLA FC,ESPANYOL,2,1
2018,CELTA,REAL MADRID,2,4
2018,LEGANES,ALAVES,1,0
2018,EIBAR,REAL MADRID,3,0
2018,VALENCIA,RAYO VALLECANO,3,0
2018,HUESCA,LEVANTE,2,2
2018,ATLETICO MADRID,BARCELONA,1,1
2018,ATHLETIC,GETAFE,1,1
2018,SEVILLA FC,VALLADOLID,1,0
2018,ESPANYOL,GIRONA,1,3
2018,VILLARREAL,REAL BETIS,2,1
2018,REAL SOCIEDAD,CELTA,2,1
2018,RAYO VALLECANO,EIBAR,1,0
2018,CELTA,HUESCA,2,0
2018,VALLADOLID,LEGANES,2,4
2018,GETAFE,ESPANYOL,3,0
2018,REAL MADRID,VALENCIA,2,0
2018,REAL BETIS,REAL SOCIEDAD,1,0
2018,GIRONA,ATLETICO MADRID,1,1
2018,BARCELONA,VILLARREAL,2,0
2018,ALAVES,SEVILLA FC,1,1
2018,LEVANTE,ATHLETIC,3,0
2018,LEGANES,GETAFE,1,1
2018,ATLETICO MADRID,ALAVES,3,0
2018,VALENCIA,SEVILLA FC,1,1
2018,VILLARREAL,CELTA,2,3
2018,ESPANYOL,BARCELONA,0,4
2018,EIBAR,LEVANTE,4,4
2018,HUESCA,REAL MADRID,0,1
2018,REAL SOCIEDAD,VALLADOLID,1,2
2018,REAL BETIS,RAYO VALLECANO,2,0
2018,ATHLETIC,GIRONA,1,0
2018,CELTA,LEGANES,0,0
2018,GETAFE,REAL SOCIEDAD,1,0
2018,VALLADOLID,ATLETICO MADRID,2,3
2018,REAL MADRID,RAYO VALLECANO,1,0
2018,EIBAR,VALENCIA,1,1
2018,SEVILLA FC,GIRONA,2,0
2018,ESPANYOL,REAL BETIS,1,3
2018,HUESCA,VILLARREAL,2,2
2018,LEVANTE,BARCELONA,0,5
2018,ALAVES,ATHLETIC,0,0
2018,GIRONA,GETAFE,1,1
2018,REAL SOCIEDAD,ALAVES,0,1
2018,REAL BETIS,EIBAR,1,1
2018,ATLETICO MADRID,ESPANYOL,1,0
2018,BARCELONA,CELTA,2,0
2018,ATHLETIC,VALLADOLID,1,1
2018,VALENCIA,HUESCA,2,1
2018,LEGANES,SEVILLA FC,1,1
2018,RAYO VALLECANO,LEVANTE,2,1
2018,VILLARREAL,REAL MADRID,2,2
2018,LEVANTE,GIRONA,2,2
2018,ESPANYOL,LEGANES,1,0
2018,VALLADOLID,RAYO VALLECANO,0,1
2018,ALAVES,VALENCIA,2,1
2018,HUESCA,REAL BETIS,2,1
2018,EIBAR,VILLARREAL,0,0
2018,SEVILLA FC,ATLETICO MADRID,1,1
2018,REAL MADRID,REAL SOCIEDAD,0,2
2018,GETAFE,BARCELONA,1,2
2018,CELTA,ATHLETIC,1,2
2018,RAYO VALLECANO,CELTA,4,2
2018,LEGANES,HUESCA,1,0
2018,VALENCIA,VALLADOLID,1,1
2018,GIRONA,ALAVES,1,1
2018,VILLARREAL,GETAFE,1,2
2018,ATLETICO MADRID,LEVANTE,1,0
2018,ATHLETIC,SEVILLA FC,2,0
2018,BARCELONA,EIBAR,3,0
2018,REAL BETIS,REAL MADRID,1,2
2018,REAL SOCIEDAD,ESPANYOL,3,2
2018,GETAFE,ALAVES,4,0
2018,REAL MADRID,SEVILLA FC,2,0
2018,HUESCA,ATLETICO MADRID,0,3
2018,CELTA,VALENCIA,1,2
2018,REAL BETIS,GIRONA,3,2
2018,VILLARREAL,ATHLETIC,1,1
2018,LEVANTE,VALLADOLID,2,0
2018,RAYO VALLECANO,REAL SOCIEDAD,2,2
2018,BARCELONA,LEGANES,3,1
2018,EIBAR,ESPANYOL,3,0
2018,SEVILLA FC,LEVANTE,5,0
2018,ATLETICO MADRID,GETAFE,2,0
2018,LEGANES,EIBAR,2,2
2018,VALENCIA,VILLARREAL,3,0
2018,VALLADOLID,CELTA,2,1
2018,GIRONA,BARCELONA,0,2
2018,ATHLETIC,REAL BETIS,1,0
2018,REAL SOCIEDAD,HUESCA,0,0
2018,ESPANYOL,REAL MADRID,2,4
2018,ALAVES,RAYO VALLECANO,0,1
2018,HUESCA,VALLADOLID,4,0
2018,LEVANTE,GETAFE,0,0
2018,REAL SOCIEDAD,ATHLETIC,2,1
2018,BARCELONA,VALENCIA,2,2
2018,CELTA,SEVILLA FC,1,0
2018,VILLARREAL,ESPANYOL,2,2
2018,REAL BETIS,ATLETICO MADRID,1,0
2018,EIBAR,GIRONA,3,0
2018,REAL MADRID,ALAVES,3,0
2018,RAYO VALLECANO,LEGANES,1,2
2018,VALLADOLID,VILLARREAL,0,0
2018,GETAFE,CELTA,3,1
2018,ATLETICO MADRID,REAL MADRID,1,3
2018,ESPANYOL,RAYO VALLECANO,2,1
2018,GIRONA,HUESCA,0,2
2018,LEGANES,REAL BETIS,3,0
2018,VALENCIA,REAL SOCIEDAD,0,0
2018,SEVILLA FC,EIBAR,2,2
2018,ATHLETIC,BARCELONA,0,0
2018,ALAVES,LEVANTE,2,0
2018,EIBAR,GETAFE,2,2
2018,CELTA,LEVANTE,1,4
2018,RAYO VALLECANO,ATLETICO MADRID,0,1
2018,REAL SOCIEDAD,LEGANES,3,0
2018,BARCELONA,VALLADOLID,1,0
2018,REAL MADRID,GIRONA,1,2
2018,VALENCIA,ESPANYOL,0,0
2018,VILLARREAL,SEVILLA FC,3,0
2018,REAL BETIS,ALAVES,1,1
2018,HUESCA,ATHLETIC,0,1
2018,ESPANYOL,HUESCA,1,1
2018,GETAFE,RAYO VALLECANO,2,1
2018,SEVILLA FC,BARCELONA,2,4
2018,ALAVES,CELTA,0,0
2018,ATHLETIC,EIBAR,1,0
2018,LEGANES,VALENCIA,1,1
2018,ATLETICO MADRID,VILLARREAL,2,0
2018,VALLADOLID,REAL BETIS,0,2
2018,LEVANTE,REAL MADRID,1,2
2018,GIRONA,REAL SOCIEDAD,0,0
2018,RAYO VALLECANO,GIRONA,0,2
2018,ESPANYOL,VALLADOLID,3,1
2018,VILLARREAL,ALAVES,1,2
2018,HUESCA,SEVILLA FC,2,1
2018,REAL MADRID,BARCELONA,0,1
2018,EIBAR,CELTA,1,0
2018,REAL BETIS,GETAFE,1,2
2018,REAL SOCIEDAD,ATLETICO MADRID,0,2
2018,VALENCIA,ATHLETIC,2,0
2018,LEGANES,LEVANTE,1,0
2018,ATHLETIC,ESPANYOL,1,1
2018,ALAVES,EIBAR,1,1
2018,ATLETICO MADRID,LEGANES,1,0
2018,BARCELONA,RAYO VALLECANO,3,1
2018,GETAFE,HUESCA,2,1
2018,CELTA,REAL BETIS,0,1
2018,GIRONA,VALENCIA,2,3
2018,LEVANTE,VILLARREAL,0,2
2018,SEVILLA FC,REAL SOCIEDAD,5,2
2018,VALLADOLID,REAL MADRID,1,4
2018,REAL SOCIEDAD,LEVANTE,1,1
2018,HUESCA,ALAVES,1,3
2018,REAL MADRID,CELTA,2,0
2018,ATHLETIC,ATLETICO MADRID,2,0
2018,LEGANES,GIRONA,0,2
2018,EIBAR,VALLADOLID,1,2
2018,ESPANYOL,SEVILLA FC,0,1
2018,VILLARREAL,RAYO VALLECANO,3,1
2018,VALENCIA,GETAFE,0,0
2018,REAL BETIS,BARCELONA,1,4
2018,GIRONA,ATHLETIC,1,2
2018,GETAFE,LEGANES,0,2
2018,BARCELONA,ESPANYOL,2,0
2018,CELTA,VILLARREAL,3,2
2018,ALAVES,ATLETICO MADRID,0,4
2018,LEVANTE,EIBAR,2,2
2018,RAYO VALLECANO,REAL BETIS,1,1
2018,SEVILLA FC,VALENCIA,0,1
2018,VALLADOLID,REAL SOCIEDAD,1,1
2018,REAL MADRID,HUESCA,3,2
2018,ATLETICO MADRID,GIRONA,2,0
2018,ESPANYOL,GETAFE,1,1
2018,VILLARREAL,BARCELONA,4,4
2018,ATHLETIC,LEVANTE,3,2
2018,HUESCA,CELTA,3,3
2018,EIBAR,RAYO VALLECANO,2,1
2018,VALENCIA,REAL MADRID,2,1
2018,SEVILLA FC,ALAVES,2,0
2018,LEGANES,VALLADOLID,1,0
2018,REAL SOCIEDAD,REAL BETIS,2,1
2018,GIRONA,ESPANYOL,1,2
2018,REAL MADRID,EIBAR,2,1
2018,RAYO VALLECANO,VALENCIA,2,0
2018,BARCELONA,ATLETICO MADRID,2,0
2018,ALAVES,LEGANES,1,1
2018,GETAFE,ATHLETIC,1,0
2018,VALLADOLID,SEVILLA FC,0,2
2018,LEVANTE,HUESCA,2,2
2018,CELTA,REAL SOCIEDAD,3,1
2018,REAL BETIS,VILLARREAL,2,1
2018,ESPANYOL,ALAVES,2,1
2018,HUESCA,BARCELONA,0,0
2018,ATLETICO MADRID,CELTA,2,0
2018,SEVILLA FC,REAL BETIS,3,2
2018,VALLADOLID,GETAFE,2,2
2018,ATHLETIC,RAYO VALLECANO,3,2
2018,REAL SOCIEDAD,EIBAR,1,1
2018,GIRONA,VILLARREAL,0,1
2018,VALENCIA,LEVANTE,3,1
2018,LEGANES,REAL MADRID,1,1
2018,ALAVES,VALLADOLID,2,2
2018,CELTA,GIRONA,2,1
2018,EIBAR,ATLETICO MADRID,0,1
2018,RAYO VALLECANO,HUESCA,0,0
2018,BARCELONA,REAL SOCIEDAD,2,1
2018,LEVANTE,ESPANYOL,2,2
2018,GETAFE,SEVILLA FC,3,0
2018,REAL MADRID,ATHLETIC,3,0
2018,VILLARREAL,LEGANES,2,1
2018,REAL BETIS,VALENCIA,1,2
2018,HUESCA,EIBAR,2,0
2018,VALLADOLID,GIRONA,1,0
2018,ALAVES,BARCELONA,0,2
2018,ATLETICO MADRID,VALENCIA,3,2
2018,ESPANYOL,CELTA,1,1
2018,LEGANES,ATHLETIC,0,1
2018,LEVANTE,REAL BETIS,4,0
2018,SEVILLA FC,RAYO VALLECANO,5,0
2018,REAL SOCIEDAD,VILLARREAL,0,1
2018,GETAFE,REAL MADRID,0,0
2018,ATHLETIC,ALAVES,1,1
2018,ATLETICO MADRID,VALLADOLID,1,0
2018,LEGANES,CELTA,0,0
2018,BARCELONA,LEVANTE,1,0
2018,VALENCIA,EIBAR,0,1
2018,GIRONA,SEVILLA FC,1,0
2018,REAL SOCIEDAD,GETAFE,2,1
2018,VILLARREAL,HUESCA,1,1
2018,RAYO VALLECANO,REAL MADRID,1,0
2018,REAL BETIS,ESPANYOL,1,1
2018,SEVILLA FC,LEGANES,0,3
2018,LEVANTE,RAYO VALLECANO,4,1
2018,ESPANYOL,ATLETICO MADRID,3,0
2018,ALAVES,REAL SOCIEDAD,0,1
2018,CELTA,BARCELONA,2,0
2018,GETAFE,GIRONA,2,0
2018,EIBAR,REAL BETIS,1,0
2018,REAL MADRID,VILLARREAL,3,2
2018,VALLADOLID,ATHLETIC,1,0
2018,HUESCA,VALENCIA,2,6
2018,ATLETICO MADRID,SEVILLA FC,1,1
2018,ATHLETIC,CELTA,3,1
2018,REAL SOCIEDAD,REAL MADRID,3,1
2018,REAL BETIS,HUESCA,2,1
2018,RAYO VALLECANO,VALLADOLID,1,2
2018,GIRONA,LEVANTE,1,2
2018,VILLARREAL,EIBAR,1,0
2018,LEGANES,ESPANYOL,0,2
2018,BARCELONA,GETAFE,2,0
2018,VALENCIA,ALAVES,3,1
2018,LEVANTE,ATLETICO MADRID,2,2
2018,SEVILLA FC,ATHLETIC,2,0
2018,GETAFE,VILLARREAL,2,2
2018,ESPANYOL,REAL SOCIEDAD,2,0
2018,VALLADOLID,VALENCIA,0,2
2018,CELTA,RAYO VALLECANO,2,2
2018,HUESCA,LEGANES,2,1
2018,ALAVES,GIRONA,2,1
2018,REAL MADRID,REAL BETIS,0,2
2018,EIBAR,BARCELONA,2,2
2019,ATHLETIC,BARCELONA,1,0
2019,CELTA,REAL MADRID,1,3
2019,VALENCIA,REAL SOCIEDAD,1,1
2019,MALLORCA,EIBAR,2,1
2019,LEGANES,OSASUNA,0,1
2019,VILLARREAL,GRANADA,4,4
2019,ALAVES,LEVANTE,1,0
2019,ESPANYOL,SEVILLA FC,0,2
2019,REAL BETIS,VALLADOLID,1,2
2019,ATLETICO MADRID,GETAFE,1,0
2019,GRANADA,SEVILLA FC,0,1
2019,LEVANTE,VILLARREAL,2,1
2019,OSASUNA,EIBAR,0,0
2019,REAL MADRID,VALLADOLID,1,1
2019,GETAFE,ATHLETIC,1,1
2019,CELTA,VALENCIA,1,0
2019,MALLORCA,REAL SOCIEDAD,0,1
2019,ALAVES,ESPANYOL,0,0
2019,LEGANES,ATLETICO MADRID,0,1
2019,BARCELONA,REAL BETIS,5,2
2019,SEVILLA FC,CELTA,1,1
2019,ATHLETIC,REAL SOCIEDAD,2,0
2019,OSASUNA,BARCELONA,2,2
2019,GETAFE,ALAVES,1,1
2019,LEVANTE,VALLADOLID,2,0
2019,REAL BETIS,LEGANES,2,1
2019,VALENCIA,MALLORCA,2,0
2019,ESPANYOL,GRANADA,0,3
2019,ATLETICO MADRID,EIBAR,3,2
2019,VILLARREAL,REAL MADRID,2,2
2019,MALLORCA,ATHLETIC,0,0
2019,REAL MADRID,LEVANTE,3,2
2019,LEGANES,VILLARREAL,0,3
2019,REAL SOCIEDAD,ATLETICO MADRID,2,0
2019,BARCELONA,VALENCIA,5,2
2019,EIBAR,ESPANYOL,1,2
2019,ALAVES,SEVILLA FC,0,1
2019,CELTA,GRANADA,0,2
2019,VALLADOLID,OSASUNA,1,1
2019,REAL BETIS,GETAFE,1,1
2019,OSASUNA,REAL BETIS,0,0
2019,VILLARREAL,VALLADOLID,2,0
2019,LEVANTE,EIBAR,0,0
2019,ATLETICO MADRID,CELTA,0,0
2019,GRANADA,BARCELONA,2,0
2019,GETAFE,MALLORCA,4,2
2019,ESPANYOL,REAL SOCIEDAD,1,3
2019,VALENCIA,LEGANES,1,1
2019,ATHLETIC,ALAVES,2,0
2019,SEVILLA FC,REAL MADRID,0,1
2019,VALLADOLID,GRANADA,1,1
2019,REAL BETIS,LEVANTE,3,1
2019,BARCELONA,VILLARREAL,2,1
2019,MALLORCA,ATLETICO MADRID,0,2
2019,LEGANES,ATHLETIC,1,1
2019,VALENCIA,GETAFE,3,3
2019,REAL MADRID,OSASUNA,2,0
2019,EIBAR,SEVILLA FC,3,2
2019,CELTA,ESPANYOL,1,1
2019,REAL SOCIEDAD,ALAVES,3,0
2019,VILLARREAL,REAL BETIS,5,1
2019,ATHLETIC,VALENCIA,0,1
2019,GETAFE,BARCELONA,0,2
2019,GRANADA,LEGANES,1,0
2019,ATLETICO MADRID,REAL MADRID,0,0
2019,ESPANYOL,VALLADOLID,0,2
2019,EIBAR,CELTA,2,0
2019,ALAVES,MALLORCA,2,0
2019,LEVANTE,OSASUNA,1,1
2019,SEVILLA FC,REAL SOCIEDAD,3,2
2019,REAL BETIS,EIBAR,1,1
2019,LEGANES,LEVANTE,1,2
2019,REAL MADRID,GRANADA,4,2
2019,VALENCIA,ALAVES,2,1
2019,OSASUNA,VILLARREAL,2,1
2019,MALLORCA,ESPANYOL,2,0
2019,CELTA,ATHLETIC,1,0
2019,VALLADOLID,ATLETICO MADRID,0,0
2019,REAL SOCIEDAD,GETAFE,1,2
2019,BARCELONA,SEVILLA FC,4,0
2019,GRANADA,OSASUNA,1,0
2019,EIBAR,BARCELONA,0,3
2019,ATLETICO MADRID,VALENCIA,1,1
2019,GETAFE,LEGANES,2,0
2019,MALLORCA,REAL MADRID,1,0
2019,ALAVES,CELTA,2,0
2019,REAL SOCIEDAD,REAL BETIS,3,1
2019,ESPANYOL,VILLARREAL,0,1
2019,ATHLETIC,VALLADOLID,1,1
2019,SEVILLA FC,LEVANTE,1,0
2019,VILLARREAL,ALAVES,4,1
2019,LEGANES,MALLORCA,1,0
2019,VALLADOLID,EIBAR,2,0
2019,ATLETICO MADRID,ATHLETIC,2,0
2019,CELTA,REAL SOCIEDAD,0,1
2019,GRANADA,REAL BETIS,1,0
2019,LEVANTE,ESPANYOL,0,1
2019,SEVILLA FC,GETAFE,2,0
2019,OSASUNA,VALENCIA,3,1
2019,BARCELONA,REAL MADRID,0,0
2019,ALAVES,ATLETICO MADRID,1,1
2019,BARCELONA,VALLADOLID,5,1
2019,VALENCIA,SEVILLA FC,1,1
2019,REAL SOCIEDAD,LEVANTE,1,2
2019,ATHLETIC,ESPANYOL,3,0
2019,REAL BETIS,CELTA,2,1
2019,REAL MADRID,LEGANES,5,0
2019,EIBAR,VILLARREAL,2,1
2019,MALLORCA,OSASUNA,2,2
2019,GETAFE,GRANADA,3,1
2019,ESPANYOL,VALENCIA,1,2
2019,LEVANTE,BARCELONA,3,1
2019,SEVILLA FC,ATLETICO MADRID,1,1
2019,REAL MADRID,REAL BETIS,0,0
2019,VALLADOLID,MALLORCA,3,0
2019,VILLARREAL,ATHLETIC,0,0
2019,OSASUNA,ALAVES,4,2
2019,CELTA,GETAFE,0,1
2019,LEGANES,EIBAR,1,2
2019,GRANADA,REAL SOCIEDAD,1,2
2019,REAL SOCIEDAD,LEGANES,1,1
2019,ALAVES,VALLADOLID,3,0
2019,VALENCIA,GRANADA,2,0
2019,EIBAR,REAL MADRID,0,4
2019,BARCELONA,CELTA,4,1
2019,MALLORCA,VILLARREAL,3,1
2019,ATHLETIC,LEVANTE,2,1
2019,ATLETICO MADRID,ESPANYOL,3,1
2019,GETAFE,OSASUNA,0,0
2019,REAL BETIS,SEVILLA FC,1,2
2019,LEVANTE,MALLORCA,2,1
2019,LEGANES,BARCELONA,1,2
2019,REAL BETIS,VALENCIA,2,1
2019,GRANADA,ATLETICO MADRID,1,1
2019,REAL MADRID,REAL SOCIEDAD,3,1
2019,ESPANYOL,GETAFE,1,1
2019,OSASUNA,ATHLETIC,1,2
2019,EIBAR,ALAVES,0,2
2019,VILLARREAL,CELTA,1,3
2019,VALLADOLID,SEVILLA FC,0,1
2019,CELTA,VALLADOLID,0,0
2019,ALAVES,REAL MADRID,1,2
2019,REAL SOCIEDAD,EIBAR,4,1
2019,MALLORCA,REAL BETIS,1,2
2019,VALENCIA,VILLARREAL,2,1
2019,SEVILLA FC,LEGANES,1,0
2019,ATHLETIC,GRANADA,2,0
2019,ESPANYOL,OSASUNA,2,4
2019,GETAFE,LEVANTE,4,0
2019,ATLETICO MADRID,BARCELONA,0,1
2019,VILLARREAL,ATLETICO MADRID,0,0
2019,REAL MADRID,ESPANYOL,2,0
2019,GRANADA,ALAVES,3,0
2019,LEVANTE,VALENCIA,2,4
2019,BARCELONA,MALLORCA,5,2
2019,EIBAR,GETAFE,0,1
2019,REAL BETIS,ATHLETIC,3,2
2019,VALLADOLID,REAL SOCIEDAD,0,0
2019,LEGANES,CELTA,3,2
2019,OSASUNA,SEVILLA FC,1,1
2019,ALAVES,LEGANES,1,1
2019,GRANADA,LEVANTE,1,2
2019,REAL SOCIEDAD,BARCELONA,2,2
2019,ATHLETIC,EIBAR,0,0
2019,ATLETICO MADRID,OSASUNA,2,0
2019,GETAFE,VALLADOLID,2,0
2019,CELTA,MALLORCA,2,2
2019,ESPANYOL,REAL BETIS,2,2
2019,SEVILLA FC,VILLARREAL,1,2
2019,VALENCIA,REAL MADRID,1,1
2019,EIBAR,GRANADA,3,0
2019,MALLORCA,SEVILLA FC,0,2
2019,BARCELONA,ALAVES,4,1
2019,VILLARREAL,GETAFE,1,0
2019,VALLADOLID,VALENCIA,1,1
2019,LEGANES,ESPANYOL,2,0
2019,OSASUNA,REAL SOCIEDAD,3,4
2019,REAL BETIS,ATLETICO MADRID,1,2
2019,LEVANTE,CELTA,3,1
2019,REAL MADRID,ATHLETIC,0,0
2019,VALLADOLID,LEGANES,2,2
2019,SEVILLA FC,ATHLETIC,1,1
2019,VALENCIA,EIBAR,1,0
2019,GETAFE,REAL MADRID,0,3
2019,ATLETICO MADRID,LEVANTE,2,1
2019,ESPANYOL,BARCELONA,2,2
2019,GRANADA,MALLORCA,1,0
2019,REAL SOCIEDAD,VILLARREAL,1,2
2019,ALAVES,REAL BETIS,1,1
2019,CELTA,OSASUNA,1,1
2019,LEGANES,GETAFE,0,3
2019,LEVANTE,ALAVES,0,1
2019,REAL MADRID,SEVILLA FC,2,1
2019,OSASUNA,VALLADOLID,0,0
2019,EIBAR,ATLETICO MADRID,2,0
2019,MALLORCA,VALENCIA,4,1
2019,REAL BETIS,REAL SOCIEDAD,3,0
2019,VILLARREAL,ESPANYOL,1,2
2019,ATHLETIC,CELTA,1,1
2019,BARCELONA,GRANADA,1,0
2019,OSASUNA,LEVANTE,2,0
2019,ESPANYOL,ATHLETIC,1,1
2019,VALENCIA,BARCELONA,2,0
2019,ALAVES,VILLARREAL,1,2
2019,SEVILLA FC,GRANADA,2,0
2019,ATLETICO MADRID,LEGANES,0,0
2019,CELTA,EIBAR,0,0
2019,GETAFE,REAL BETIS,1,0
2019,REAL SOCIEDAD,MALLORCA,3,0
2019,VALLADOLID,REAL MADRID,0,1
2019,GRANADA,ESPANYOL,2,1
2019,REAL MADRID,ATLETICO MADRID,1,0
2019,MALLORCA,VALLADOLID,0,1
2019,VALENCIA,CELTA,1,0
2019,LEGANES,REAL SOCIEDAD,2,1
2019,EIBAR,REAL BETIS,1,1
2019,ATHLETIC,GETAFE,0,2
2019,SEVILLA FC,ALAVES,1,1
2019,VILLARREAL,OSASUNA,3,1
2019,BARCELONA,LEVANTE,2,1
2019,ALAVES,EIBAR,2,1
2019,LEVANTE,LEGANES,2,0
2019,GETAFE,VALENCIA,3,0
2019,VALLADOLID,VILLARREAL,1,1
2019,ATLETICO MADRID,GRANADA,1,0
2019,ESPANYOL,MALLORCA,1,0
2019,REAL SOCIEDAD,ATHLETIC,2,1
2019,OSASUNA,REAL MADRID,1,4
2019,CELTA,SEVILLA FC,2,1
2019,REAL BETIS,BARCELONA,2,3
2019,VALENCIA,ATLETICO MADRID,2,2
2019,MALLORCA,ALAVES,1,0
2019,BARCELONA,GETAFE,2,1
2019,VILLARREAL,LEVANTE,2,1
2019,GRANADA,VALLADOLID,2,1
2019,SEVILLA FC,ESPANYOL,2,2
2019,LEGANES,REAL BETIS,0,0
2019,ATHLETIC,OSASUNA,0,1
2019,REAL MADRID,CELTA,2,2
2019,EIBAR,REAL SOCIEDAD,1,2
2019,REAL BETIS,MALLORCA,3,3
2019,CELTA,LEGANES,1,0
2019,BARCELONA,EIBAR,5,0
2019,REAL SOCIEDAD,VALENCIA,3,0
2019,LEVANTE,REAL MADRID,1,0
2019,OSASUNA,GRANADA,0,3
2019,ALAVES,ATHLETIC,2,1
2019,VALLADOLID,ESPANYOL,2,1
2019,GETAFE,SEVILLA FC,0,3
2019,ATLETICO MADRID,VILLARREAL,3,1
2019,REAL SOCIEDAD,VALLADOLID,1,0
2019,EIBAR,LEVANTE,3,0
2019,VALENCIA,REAL BETIS,2,1
2019,LEGANES,ALAVES,1,1
2019,GRANADA,CELTA,0,0
2019,SEVILLA FC,OSASUNA,3,2
2019,ATHLETIC,VILLARREAL,1,0
2019,ESPANYOL,ATLETICO MADRID,1,1
2019,MALLORCA,GETAFE,0,1
2019,REAL MADRID,BARCELONA,2,0
2019,ALAVES,VALENCIA,1,1
2019,EIBAR,MALLORCA,1,2
2019,ATLETICO MADRID,SEVILLA FC,2,2
2019,BARCELONA,REAL SOCIEDAD,1,0
2019,GETAFE,CELTA,0,0
2019,OSASUNA,ESPANYOL,1,0
2019,VALLADOLID,ATHLETIC,1,4
2019,LEVANTE,GRANADA,1,1
2019,VILLARREAL,LEGANES,1,2
2019,REAL BETIS,REAL MADRID,2,1
2019,SEVILLA FC,REAL BETIS,2,0
2019,GRANADA,GETAFE,2,1
2019,VALENCIA,LEVANTE,1,1
2019,ESPANYOL,ALAVES,2,0
2019,CELTA,VILLARREAL,0,1
2019,LEGANES,VALLADOLID,1,2
2019,MALLORCA,BARCELONA,0,4
2019,ATHLETIC,ATLETICO MADRID,1,1
2019,REAL MADRID,EIBAR,3,1
2019,REAL SOCIEDAD,OSASUNA,1,1
2019,LEVANTE,SEVILLA FC,1,1
2019,REAL BETIS,GRANADA,2,2
2019,GETAFE,ESPANYOL,0,0
2019,VILLARREAL,MALLORCA,1,0
2019,BARCELONA,LEGANES,2,0
2019,VALLADOLID,CELTA,0,0
2019,EIBAR,ATHLETIC,2,2
2019,OSASUNA,ATLETICO MADRID,0,5
2019,ALAVES,REAL SOCIEDAD,2,0
2019,REAL MADRID,VALENCIA,3,0
2019,GRANADA,VILLARREAL,0,1
2019,MALLORCA,LEGANES,1,1
2019,SEVILLA FC,BARCELONA,0,0
2019,ESPANYOL,LEVANTE,1,3
2019,ATHLETIC,REAL BETIS,1,0
2019,GETAFE,EIBAR,1,1
2019,ATLETICO MADRID,VALLADOLID,1,0
2019,CELTA,ALAVES,6,0
2019,VALENCIA,OSASUNA,2,0
2019,REAL SOCIEDAD,REAL MADRID,1,2
2019,VILLARREAL,SEVILLA FC,2,2
2019,LEGANES,GRANADA,0,0
2019,LEVANTE,ATLETICO MADRID,0,1
2019,VALLADOLID,GETAFE,1,1
2019,BARCELONA,ATHLETIC,1,0
2019,REAL SOCIEDAD,CELTA,0,1
2019,ALAVES,OSASUNA,0,1
2019,REAL MADRID,MALLORCA,2,0
2019,EIBAR,VALENCIA,1,0
2019,REAL BETIS,ESPANYOL,1,0
2019,SEVILLA FC,VALLADOLID,1,1
2019,ATHLETIC,MALLORCA,3,1
2019,CELTA,BARCELONA,2,2
2019,OSASUNA,LEGANES,2,1
2019,ATLETICO MADRID,ALAVES,2,1
2019,LEVANTE,REAL BETIS,4,2
2019,VILLARREAL,VALENCIA,2,0
2019,GRANADA,EIBAR,1,2
2019,ESPANYOL,REAL MADRID,0,1
2019,GETAFE,REAL SOCIEDAD,2,1
2019,MALLORCA,CELTA,5,1
2019,LEGANES,SEVILLA FC,0,3
2019,BARCELONA,ATLETICO MADRID,2,2
2019,VALENCIA,ATHLETIC,0,2
2019,ALAVES,GRANADA,0,2
2019,REAL BETIS,VILLARREAL,0,2
2019,VALLADOLID,LEVANTE,0,0
2019,EIBAR,OSASUNA,0,2
2019,REAL SOCIEDAD,ESPANYOL,2,1
2019,REAL MADRID,GETAFE,1,0
2019,ATLETICO MADRID,MALLORCA,3,0
2019,CELTA,REAL BETIS,1,1
2019,VALLADOLID,ALAVES,1,0
2019,GRANADA,VALENCIA,2,2
2019,ATHLETIC,REAL MADRID,0,1
2019,ESPANYOL,LEGANES,0,1
2019,OSASUNA,GETAFE,0,0
2019,VILLARREAL,BARCELONA,1,4
2019,LEVANTE,REAL SOCIEDAD,1,1
2019,SEVILLA FC,EIBAR,1,0
2019,VALENCIA,VALLADOLID,2,1
2019,CELTA,ATLETICO MADRID,1,1
2019,GETAFE,VILLARREAL,1,3
2019,REAL BETIS,OSASUNA,3,0
2019,BARCELONA,ESPANYOL,1,0
2019,EIBAR,LEGANES,0,0
2019,MALLORCA,LEVANTE,2,0
2019,ATHLETIC,SEVILLA FC,1,2
2019,REAL SOCIEDAD,GRANADA,2,3
2019,REAL MADRID,ALAVES,2,0
2019,OSASUNA,CELTA,2,1
2019,VALLADOLID,BARCELONA,0,1
2019,ATLETICO MADRID,REAL BETIS,1,0
2019,ESPANYOL,EIBAR,0,2
2019,LEVANTE,ATHLETIC,1,2
2019,LEGANES,VALENCIA,1,0
2019,SEVILLA FC,MALLORCA,2,0
2019,VILLARREAL,REAL SOCIEDAD,1,2
2019,ALAVES,GETAFE,0,0
2019,GRANADA,REAL MADRID,1,2
2019,EIBAR,VALLADOLID,3,1
2019,CELTA,LEVANTE,2,3
2019,REAL MADRID,VILLARREAL,2,1
2019,BARCELONA,OSASUNA,1,2
2019,VALENCIA,ESPANYOL,1,0
2019,MALLORCA,GRANADA,1,2
2019,ATHLETIC,LEGANES,0,2
2019,GETAFE,ATLETICO MADRID,0,2
2019,REAL SOCIEDAD,SEVILLA FC,0,0
2019,REAL BETIS,ALAVES,1,2
2019,ALAVES,BARCELONA,0,5
2019,VALLADOLID,REAL BETIS,2,0
2019,VILLARREAL,EIBAR,4,0
2019,ATLETICO MADRID,REAL SOCIEDAD,1,1
2019,LEVANTE,GETAFE,1,0
2019,OSASUNA,MALLORCA,2,2
2019,SEVILLA FC,VALENCIA,1,0
2019,ESPANYOL,CELTA,0,0
2019,GRANADA,ATHLETIC,4,0
2019,LEGANES,REAL MADRID,2,2
2020,EIBAR,CELTA,0,0
2020,GRANADA,ATHLETIC,2,0
2020,CADIZ CF,OSASUNA,0,2
2020,ALAVES,REAL BETIS,0,1
2020,VALLADOLID,REAL SOCIEDAD,1,1
2020,VILLARREAL,HUESCA,1,1
2020,VALENCIA,LEVANTE,4,2
2020,ATLETICO MADRID,SEVILLA FC,2,0
2020,REAL MADRID,GETAFE,2,0
2020,BARCELONA,ELCHE,3,0
2020,VILLARREAL,EIBAR,2,1
2020,GETAFE,OSASUNA,1,0
2020,CELTA,VALENCIA,2,1
2020,HUESCA,CADIZ CF,0,2
2020,REAL BETIS,VALLADOLID,2,0
2020,GRANADA,ALAVES,2,1
2020,REAL SOCIEDAD,REAL MADRID,0,0
2020,ATHLETIC,BARCELONA,2,3
2020,LEVANTE,ATLETICO MADRID,1,1
2020,SEVILLA FC,ELCHE,2,0
2020,ALAVES,GETAFE,0,0
2020,VALENCIA,HUESCA,1,1
2020,ELCHE,REAL SOCIEDAD,0,3
2020,REAL BETIS,REAL MADRID,2,3
2020,OSASUNA,LEVANTE,1,3
2020,EIBAR,ATHLETIC,1,2
2020,ATLETICO MADRID,GRANADA,6,1
2020,VALLADOLID,CELTA,1,1
2020,CADIZ CF,SEVILLA FC,1,3
2020,BARCELONA,VILLARREAL,4,0
2020,REAL SOCIEDAD,VALENCIA,0,1
2020,GETAFE,REAL BETIS,3,0
2020,HUESCA,ATLETICO MADRID,0,0
2020,VILLARREAL,ALAVES,3,1
2020,EIBAR,ELCHE,0,1
2020,REAL MADRID,VALLADOLID,1,0
2020,ATHLETIC,CADIZ CF,0,1
2020,SEVILLA FC,LEVANTE,1,0
2020,CELTA,BARCELONA,0,3
2020,GRANADA,OSASUNA,2,0
2020,VALLADOLID,EIBAR,1,2
2020,ATLETICO MADRID,VILLARREAL,0,0
2020,REAL SOCIEDAD,GETAFE,3,0
2020,ELCHE,HUESCA,0,0
2020,VALENCIA,REAL BETIS,0,2
2020,OSASUNA,CELTA,2,0
2020,ALAVES,ATHLETIC,1,0
2020,LEVANTE,REAL MADRID,0,2
2020,CADIZ CF,GRANADA,1,1
2020,BARCELONA,SEVILLA FC,1,1
2020,GRANADA,SEVILLA FC,1,0
2020,CELTA,ATLETICO MADRID,0,2
2020,REAL MADRID,CADIZ CF,0,1
2020,GETAFE,BARCELONA,1,0
2020,EIBAR,OSASUNA,0,0
2020,ATHLETIC,LEVANTE,2,0
2020,VILLARREAL,VALENCIA,2,1
2020,HUESCA,VALLADOLID,2,2
2020,ALAVES,ELCHE,0,2
2020,REAL BETIS,REAL SOCIEDAD,0,3
2020,ELCHE,VALENCIA,2,1
2020,BARCELONA,REAL MADRID,1,3
2020,OSASUNA,ATHLETIC,1,0
2020,SEVILLA FC,EIBAR,0,1
2020,ATLETICO MADRID,REAL BETIS,2,0
2020,VALLADOLID,ALAVES,0,2
2020,CADIZ CF,VILLARREAL,0,0
2020,GETAFE,GRANADA,0,1
2020,REAL SOCIEDAD,HUESCA,4,1
2020,LEVANTE,CELTA,1,1
2020,EIBAR,CADIZ CF,0,2
2020,REAL MADRID,HUESCA,4,1
2020,ATHLETIC,SEVILLA FC,2,1
2020,OSASUNA,ATLETICO MADRID,1,3
2020,ALAVES,BARCELONA,1,1
2020,REAL BETIS,ELCHE,3,1
2020,CELTA,REAL SOCIEDAD,1,4
2020,GRANADA,LEVANTE,1,1
2020,VALENCIA,GETAFE,2,2
2020,VILLARREAL,VALLADOLID,2,0
2020,ELCHE,CELTA,1,1
2020,HUESCA,EIBAR,1,1
2020,BARCELONA,REAL BETIS,5,2
2020,SEVILLA FC,OSASUNA,1,0
2020,ATLETICO MADRID,CADIZ CF,4,0
2020,GETAFE,VILLARREAL,1,3
2020,REAL SOCIEDAD,GRANADA,2,0
2020,LEVANTE,ALAVES,1,1
2020,VALLADOLID,ATHLETIC,2,1
2020,VALENCIA,REAL MADRID,4,1
2020,OSASUNA,HUESCA,1,1
2020,LEVANTE,ELCHE,1,1
2020,VILLARREAL,REAL MADRID,1,1
2020,SEVILLA FC,CELTA,4,2
2020,ATLETICO MADRID,BARCELONA,1,0
2020,EIBAR,GETAFE,0,0
2020,CADIZ CF,REAL SOCIEDAD,0,1
2020,GRANADA,VALLADOLID,1,3
2020,ALAVES,VALENCIA,2,2
2020,ATHLETIC,REAL BETIS,4,0
2020,VALLADOLID,LEVANTE,1,1
2020,ELCHE,CADIZ CF,1,1
2020,VALENCIA,ATLETICO MADRID,0,1
2020,HUESCA,SEVILLA FC,0,1
2020,REAL MADRID,ALAVES,1,2
2020,BARCELONA,OSASUNA,4,0
2020,GETAFE,ATHLETIC,1,1
2020,CELTA,GRANADA,3,1
2020,REAL SOCIEDAD,VILLARREAL,1,1
2020,REAL BETIS,EIBAR,0,2
2020,ATHLETIC,CELTA,0,2
2020,LEVANTE,GETAFE,3,0
2020,SEVILLA FC,REAL MADRID,0,1
2020,ATLETICO MADRID,VALLADOLID,2,0
2020,CADIZ CF,BARCELONA,2,1
2020,GRANADA,HUESCA,3,3
2020,OSASUNA,REAL BETIS,0,2
2020,VILLARREAL,ELCHE,0,0
2020,ALAVES,REAL SOCIEDAD,0,0
2020,EIBAR,VALENCIA,0,0
2020,VALLADOLID,OSASUNA,3,2
2020,VALENCIA,ATHLETIC,2,2
2020,GETAFE,SEVILLA FC,0,1
2020,HUESCA,ALAVES,1,0
2020,REAL MADRID,ATLETICO MADRID,2,0
2020,REAL SOCIEDAD,EIBAR,1,1
2020,REAL BETIS,VILLARREAL,1,1
2020,ELCHE,GRANADA,0,1
2020,BARCELONA,LEVANTE,1,0
2020,CELTA,CADIZ CF,4,0
2020,ATHLETIC,HUESCA,2,0
2020,ATLETICO MADRID,ELCHE,3,1
2020,BARCELONA,VALENCIA,2,2
2020,LEVANTE,REAL SOCIEDAD,2,1
2020,OSASUNA,VILLARREAL,1,3
2020,SEVILLA FC,VALLADOLID,1,1
2020,CELTA,ALAVES,2,0
2020,GRANADA,REAL BETIS,2,0
2020,CADIZ CF,GETAFE,0,2
2020,EIBAR,REAL MADRID,1,3
2020,VALENCIA,SEVILLA FC,0,1
2020,ELCHE,OSASUNA,2,2
2020,REAL SOCIEDAD,ATLETICO MADRID,0,2
2020,HUESCA,LEVANTE,1,1
2020,VILLARREAL,ATHLETIC,1,1
2020,VALLADOLID,BARCELONA,0,3
2020,GETAFE,CELTA,1,1
2020,REAL MADRID,GRANADA,2,0
2020,REAL BETIS,CADIZ CF,1,0
2020,ALAVES,EIBAR,2,1
2020,SEVILLA FC,VILLARREAL,2,0
2020,BARCELONA,EIBAR,1,1
2020,CADIZ CF,VALLADOLID,0,0
2020,LEVANTE,REAL BETIS,4,3
2020,GRANADA,VALENCIA,2,1
2020,ATLETICO MADRID,GETAFE,1,0
2020,CELTA,HUESCA,2,1
2020,ELCHE,REAL MADRID,1,1
2020,ATHLETIC,REAL SOCIEDAD,0,1
2020,OSASUNA,ALAVES,1,1
2020,VILLARREAL,LEVANTE,2,1
2020,REAL BETIS,SEVILLA FC,1,1
2020,GETAFE,VALLADOLID,0,1
2020,REAL MADRID,CELTA,2,0
2020,ATHLETIC,ELCHE,1,0
2020,ALAVES,ATLETICO MADRID,1,2
2020,EIBAR,GRANADA,2,0
2020,REAL SOCIEDAD,OSASUNA,1,1
2020,HUESCA,BARCELONA,0,1
2020,VALENCIA,CADIZ CF,1,1
2020,CELTA,VILLARREAL,0,4
2020,SEVILLA FC,REAL SOCIEDAD,3,2
2020,GRANADA,BARCELONA,0,4
2020,OSASUNA,REAL MADRID,0,0
2020,LEVANTE,EIBAR,2,1
2020,CADIZ CF,ALAVES,3,1
2020,VALLADOLID,VALENCIA,0,1
2020,ELCHE,GETAFE,1,3
2020,HUESCA,REAL BETIS,0,2
2020,ATLETICO MADRID,ATHLETIC,2,1
2020,REAL MADRID,ATHLETIC,3,1
2020,BARCELONA,REAL SOCIEDAD,2,1
2020,VALLADOLID,ELCHE,2,2
2020,CADIZ CF,LEVANTE,2,2
2020,ALAVES,SEVILLA FC,1,2
2020,GETAFE,HUESCA,1,0
2020,REAL BETIS,CELTA,2,1
2020,VILLARREAL,GRANADA,2,2
2020,VALENCIA,OSASUNA,1,1
2020,EIBAR,ATLETICO MADRID,1,2
2020,LEVANTE,VALLADOLID,2,2
2020,HUESCA,VILLARREAL,0,0
2020,SEVILLA FC,CADIZ CF,3,0
2020,REAL SOCIEDAD,REAL BETIS,2,2
2020,ALAVES,REAL MADRID,1,4
2020,OSASUNA,GRANADA,3,1
2020,ELCHE,BARCELONA,0,2
2020,CELTA,EIBAR,1,1
2020,ATLETICO MADRID,VALENCIA,3,1
2020,ATHLETIC,GETAFE,5,1
2020,VALLADOLID,HUESCA,1,3
2020,EIBAR,SEVILLA FC,0,2
2020,REAL MADRID,LEVANTE,1,2
2020,VALENCIA,ELCHE,1,0
2020,VILLARREAL,REAL SOCIEDAD,1,1
2020,GETAFE,ALAVES,0,0
2020,CADIZ CF,ATLETICO MADRID,2,4
2020,GRANADA,CELTA,0,0
2020,BARCELONA,ATHLETIC,2,1
2020,REAL BETIS,OSASUNA,1,0
2020,ALAVES,VALLADOLID,1,0
2020,LEVANTE,GRANADA,2,2
2020,HUESCA,REAL MADRID,1,2
2020,ELCHE,VILLARREAL,2,2
2020,SEVILLA FC,GETAFE,3,0
2020,REAL SOCIEDAD,CADIZ CF,4,1
2020,ATHLETIC,VALENCIA,1,1
2020,OSASUNA,EIBAR,2,1
2020,REAL BETIS,BARCELONA,2,3
2020,ATLETICO MADRID,CELTA,2,2
2020,CELTA,ELCHE,3,1
2020,GRANADA,ATLETICO MADRID,1,2
2020,SEVILLA FC,HUESCA,1,0
2020,EIBAR,VALLADOLID,1,1
2020,BARCELONA,ALAVES,5,1
2020,GETAFE,REAL SOCIEDAD,0,1
2020,REAL MADRID,VALENCIA,2,0
2020,LEVANTE,OSASUNA,0,1
2020,VILLARREAL,REAL BETIS,1,2
2020,CADIZ CF,ATHLETIC,0,4
2020,REAL BETIS,GETAFE,1,0
2020,ELCHE,EIBAR,1,0
2020,ATLETICO MADRID,LEVANTE,0,2
2020,VALENCIA,CELTA,2,0
2020,VALLADOLID,REAL MADRID,0,1
2020,BARCELONA,CADIZ CF,1,1
2020,REAL SOCIEDAD,ALAVES,4,0
2020,HUESCA,GRANADA,3,2
2020,ATHLETIC,VILLARREAL,1,1
2020,OSASUNA,SEVILLA FC,0,2
2020,LEVANTE,ATHLETIC,1,1
2020,EIBAR,HUESCA,1,1
2020,SEVILLA FC,BARCELONA,0,2
2020,ALAVES,OSASUNA,0,1
2020,GETAFE,VALENCIA,3,0
2020,CELTA,VALLADOLID,1,1
2020,CADIZ CF,REAL BETIS,0,1
2020,GRANADA,ELCHE,2,1
2020,VILLARREAL,ATLETICO MADRID,0,2
2020,REAL MADRID,REAL SOCIEDAD,1,1
2020,VALENCIA,VILLARREAL,2,1
2020,VALLADOLID,GETAFE,2,1
2020,ELCHE,SEVILLA FC,2,1
2020,CADIZ CF,EIBAR,1,0
2020,OSASUNA,BARCELONA,0,2
2020,HUESCA,CELTA,3,4
2020,ATLETICO MADRID,REAL MADRID,1,1
2020,REAL SOCIEDAD,LEVANTE,1,0
2020,ATHLETIC,GRANADA,2,1
2020,REAL BETIS,ALAVES,3,2
2020,LEVANTE,VALENCIA,1,0
2020,ALAVES,CADIZ CF,1,1
2020,REAL MADRID,ELCHE,2,1
2020,OSASUNA,VALLADOLID,0,0
2020,GETAFE,ATLETICO MADRID,0,0
2020,CELTA,ATHLETIC,0,0
2020,GRANADA,REAL SOCIEDAD,1,0
2020,EIBAR,VILLARREAL,1,3
2020,SEVILLA FC,REAL BETIS,1,0
2020,BARCELONA,HUESCA,4,1
2020,REAL BETIS,LEVANTE,2,0
2020,ATHLETIC,EIBAR,1,1
2020,CELTA,REAL MADRID,1,3
2020,HUESCA,OSASUNA,0,0
2020,VALLADOLID,SEVILLA FC,1,1
2020,GETAFE,ELCHE,1,1
2020,VILLARREAL,CADIZ CF,2,1
2020,VALENCIA,GRANADA,2,1
2020,ATLETICO MADRID,ALAVES,1,0
2020,REAL SOCIEDAD,BARCELONA,1,6
2020,LEVANTE,HUESCA,0,2
2020,GRANADA,VILLARREAL,0,3
2020,REAL MADRID,EIBAR,2,0
2020,OSASUNA,GETAFE,0,0
2020,ALAVES,CELTA,1,3
2020,ELCHE,REAL BETIS,1,1
2020,CADIZ CF,VALENCIA,2,1
2020,SEVILLA FC,ATLETICO MADRID,1,0
2020,BARCELONA,VALLADOLID,1,0
2020,REAL SOCIEDAD,ATHLETIC,1,1
2020,HUESCA,ELCHE,3,1
2020,GETAFE,CADIZ CF,0,1
2020,ATHLETIC,ALAVES,0,0
2020,EIBAR,LEVANTE,0,1
2020,REAL MADRID,BARCELONA,2,1
2020,VILLARREAL,OSASUNA,1,2
2020,VALENCIA,REAL SOCIEDAD,2,2
2020,VALLADOLID,GRANADA,1,2
2020,REAL BETIS,ATLETICO MADRID,1,1
2020,CELTA,SEVILLA FC,3,4
2020,LEVANTE,SEVILLA FC,0,1
2020,OSASUNA,VALENCIA,3,1
2020,REAL BETIS,ATHLETIC,0,0
2020,ELCHE,VALLADOLID,1,1
2020,ALAVES,VILLARREAL,2,1
2020,CADIZ CF,REAL MADRID,0,3
2020,ATLETICO MADRID,HUESCA,2,0
2020,REAL SOCIEDAD,CELTA,2,1
2020,GRANADA,EIBAR,4,1
2020,BARCELONA,GETAFE,5,2
2020,ELCHE,LEVANTE,1,0
2020,VALLADOLID,CADIZ CF,1,1
2020,VALENCIA,ALAVES,1,1
2020,REAL MADRID,REAL BETIS,0,0
2020,HUESCA,GETAFE,0,2
2020,VILLARREAL,BARCELONA,1,2
2020,SEVILLA FC,GRANADA,2,1
2020,CELTA,OSASUNA,2,1
2020,ATHLETIC,ATLETICO MADRID,2,1
2020,EIBAR,REAL SOCIEDAD,0,1
2020,OSASUNA,ELCHE,2,0
2020,REAL SOCIEDAD,SEVILLA FC,1,2
2020,ATLETICO MADRID,EIBAR,5,0
2020,ALAVES,HUESCA,1,0
2020,CADIZ CF,CELTA,0,0
2020,REAL BETIS,VALENCIA,2,2
2020,LEVANTE,VILLARREAL,1,5
2020,GETAFE,REAL MADRID,0,0
2020,ATHLETIC,VALLADOLID,2,2
2020,BARCELONA,GRANADA,1,2
2020,CELTA,LEVANTE,2,0
2020,EIBAR,ALAVES,3,0
2020,ELCHE,ATLETICO MADRID,0,1
2020,HUESCA,REAL SOCIEDAD,1,0
2020,REAL MADRID,OSASUNA,2,0
2020,VALLADOLID,REAL BETIS,1,1
2020,VILLARREAL,GETAFE,1,0
2020,GRANADA,CADIZ CF,0,1
2020,VALENCIA,BARCELONA,2,3
2020,SEVILLA FC,ATHLETIC,0,1
2020,REAL SOCIEDAD,ELCHE,2,0
2020,ALAVES,LEVANTE,2,2
2020,BARCELONA,ATLETICO MADRID,0,0
2020,CADIZ CF,HUESCA,2,1
2020,ATHLETIC,OSASUNA,2,2
2020,GETAFE,EIBAR,0,1
2020,VALENCIA,VALLADOLID,3,0
2020,VILLARREAL,CELTA,2,4
2020,REAL MADRID,SEVILLA FC,2,2
2020,REAL BETIS,GRANADA,2,1
2020,OSASUNA,CADIZ CF,3,2
2020,ELCHE,ALAVES,0,2
2020,LEVANTE,BARCELONA,3,3
2020,SEVILLA FC,VALENCIA,1,0
2020,CELTA,GETAFE,1,0
2020,HUESCA,ATHLETIC,1,0
2020,ATLETICO MADRID,REAL SOCIEDAD,2,1
2020,VALLADOLID,VILLARREAL,0,2
2020,EIBAR,REAL BETIS,1,1
2020,GRANADA,REAL MADRID,1,4
2020,BARCELONA,CELTA,1,2
2020,VALENCIA,EIBAR,4,1
2020,ATLETICO MADRID,OSASUNA,2,1
2020,ATHLETIC,REAL MADRID,0,1
2020,GETAFE,LEVANTE,2,1
2020,REAL SOCIEDAD,VALLADOLID,4,1
2020,REAL BETIS,HUESCA,1,0
2020,VILLARREAL,SEVILLA FC,4,0
2020,ALAVES,GRANADA,4,2
2020,CADIZ CF,ELCHE,1,3
2020,LEVANTE,CADIZ CF,2,2
2020,CELTA,REAL BETIS,2,3
2020,VALLADOLID,ATLETICO MADRID,1,2
2020,ELCHE,ATHLETIC,2,0
2020,HUESCA,VALENCIA,0,0
2020,EIBAR,BARCELONA,0,1
2020,REAL MADRID,VILLARREAL,2,1
2020,OSASUNA,REAL SOCIEDAD,0,1
2020,GRANADA,GETAFE,0,0
2020,SEVILLA FC,ALAVES,1,0
